code,name,issue,suggestion
603601,再升科技,玻纤过滤材料（洁净室耗材）被标「半导体设备」,改「半导体材料」或删（报告给两个选项，需定口径）
300260,新莱应材,高洁净管件材料/零部件被标「半导体设备」,改「半导体材料」或新增「半导体零部件」（报告给两个选项）
688709,成都华微,特种IC（FPGA/ADC为主）被标「存储芯片-DRAM」,改「算力芯片」或删DRAM标签（报告给两个选项）
300302,同有科技,存储系统（磁盘阵列）非芯片，被标「存储芯片」,删或单列「存储系统」（报告给两个选项）
688228,开普云,政务软件主业，跨界并购存储资产,跟踪并购落地，未落地则删
002685,华东重机,港机跨界收购GPU（锐信图芯）,"保留但标注""跨界"""
600246,万通发展,地产跨界收购AI芯片资产,"跟踪交易进度，标注""跨界"""
000066,中国长城,信创整机，飞腾在体外,复核，报告倾向删
000063,中兴通讯,通信设备主业（有自研芯片）,边缘，可保留
300475,香农芯创,存储分销（SK海力士代理）被标「存储芯片」,"建议细化""存储分销"""
300857,协创数据,存储设备制造（SSD/HDD）+算力租赁被标「存储芯片」,"建议改""存储设备""或删"
300991,创益通,连接器（存储模组供应链）被标「存储芯片」,"建议改""半导体零部件""或删"
600171,上海贝岭,模拟芯片为主（电源管理/计量）被标「功率半导体」,"建议改""模拟芯片"""
002129,TCL中环,光伏主业、半导体材料为辅,"统一口径：保留但接受""泛硅材料""口径，或加占比门槛"
603260,合盛硅业,光伏主业、半导体材料为辅,"统一口径：保留但接受""泛硅材料""口径，或加占比门槛"
688503,聚和材料,光伏主业、半导体材料为辅,"统一口径：保留但接受""泛硅材料""口径，或加占比门槛"
300554,三超新材,光伏主业、半导体材料为辅,"统一口径：保留但接受""泛硅材料""口径，或加占比门槛"
300037,新宙邦,副业/参股关联（氟化学品、参股光刻胶、PCB光刻胶为主）,"边缘可留，建议标注""参股/副业"""
603306,华懋科技,副业/参股关联（氟化学品、参股光刻胶、PCB光刻胶为主）,"边缘可留，建议标注""参股/副业"""
300576,容大感光,副业/参股关联（氟化学品、参股光刻胶、PCB光刻胶为主）,"边缘可留，建议标注""参股/副业"""
600619,海立股份,泛半导体配套设备（冷却配套）被标「半导体设备」,"建议单列""半导体配套设备""与核心工艺设备区分"
300786,国林科技,泛半导体配套设备（臭氧设备）被标「半导体设备」,"建议单列""半导体配套设备""与核心工艺设备区分"
688376,美埃科技,泛半导体配套设备（洁净空气设备）被标「半导体设备」,"建议单列""半导体配套设备""与核心工艺设备区分"
000551,创元科技,泛半导体配套设备（苏净洁净设备）被标「半导体设备」,"建议单列""半导体配套设备""与核心工艺设备区分"
300457,赢合科技,锂电设备/电机/传感器/机器视觉/光测仪器，半导体业务边缘,逐只复核，报告倾向删或单列配套
301226,祥明智能,锂电设备/电机/传感器/机器视觉/光测仪器，半导体业务边缘,逐只复核，报告倾向删或单列配套
688665,四方光电,锂电设备/电机/传感器/机器视觉/光测仪器，半导体业务边缘,逐只复核，报告倾向删或单列配套
688610,埃科光电,锂电设备/电机/传感器/机器视觉/光测仪器，半导体业务边缘,逐只复核，报告倾向删或单列配套
002338,奥普光电,锂电设备/电机/传感器/机器视觉/光测仪器，半导体业务边缘,逐只复核，报告倾向删或单列配套
000032,深桑达A,洁净室工程，现挂「半导体设备」,报告建议新增「半导体工程服务」/「半导体配套设备」子类后迁移，核心工艺设备口径收紧
601133,柏诚股份,洁净室工程，现挂「半导体设备」,报告建议新增「半导体工程服务」/「半导体配套设备」子类后迁移，核心工艺设备口径收紧
603163,圣晖集成,洁净室工程，现挂「半导体设备」,报告建议新增「半导体工程服务」/「半导体配套设备」子类后迁移，核心工艺设备口径收紧
603929,亚翔集成,洁净室工程，现挂「半导体设备」,报告建议新增「半导体工程服务」/「半导体配套设备」子类后迁移，核心工艺设备口径收紧
301235,华康洁净,洁净室工程，现挂「半导体设备」,报告建议新增「半导体工程服务」/「半导体配套设备」子类后迁移，核心工艺设备口径收紧
600667,太极实业,洁净室总包(十一科技)，另持存储封测标签，现挂「半导体设备」,报告建议新增「半导体工程服务」/「半导体配套设备」子类后迁移，核心工艺设备口径收紧
603324,盛剑科技,环保设备，现挂「半导体设备」,报告建议新增「半导体工程服务」/「半导体配套设备」子类后迁移，核心工艺设备口径收紧
002881,美格智能,模组厂被标「端侧ai芯片」（非芯片股）,要么删标签，要么把 concept 改名「端侧AI」（报告给两个选项）
300638,广和通,模组厂被标「端侧ai芯片」（非芯片股）,要么删标签，要么把 concept 改名「端侧AI」（报告给两个选项）
603236,移远通信,模组厂被标「端侧ai芯片」（非芯片股）,要么删标签，要么把 concept 改名「端侧AI」（报告给两个选项）
300493,润欣科技,分销厂被标「端侧ai芯片」（非芯片股）,要么删标签，要么把 concept 改名「端侧AI」（报告给两个选项）
688262,国芯科技,挂「其他算力芯片|端侧ai芯片|算力芯片」三标签冗余，「其他算力芯片」为垃圾桶标签,"报告建议废除""其他算力芯片""并入「算力芯片」或按实际改""嵌入式CPU""，合并为1个主标签（给多个选项）"
688416,恒烁股份,NOR为主，现挂「存储芯片-DRAM|存储芯片」，报告明确-DRAM仅留君正/兆易,"若删DRAM+父标签则清空，报告仅""可新增存储芯片-NOR""（非确定），转人工定夺"
688766,普冉股份,NOR为主，现挂「存储芯片」,"报告建议""可新增存储芯片-NOR""（非确定）"
002821,凯莱英,医药CDMO主业标AI应用，高置信错配,报告称'移除或改AI制药（存疑）'，需确认是否打AI制药标签后再定
300067,安诺其,染料主业标算力租赁,有算力收购动作，报告'降级保留可议'，待owner定夺
002042,华孚时尚,纺织主业标算力租赁，但有智算中心实质布局,报告建议降级为'跨界实质'保留观察，不宜直接移除
000034,神州数码,IT分销+昇腾算力，SaaS标签不贴切,报告'归算力租赁或改concept'二选一未定
300571,平治信息,concept=短剧|算力租赁，主业通信服务+算力,报告'category可改算力租赁或保留但去短剧主标'，二选一未定
002439,启明星辰,网络安全公司标SaaS软件与服务,报告建议concept改'云安全/安全即服务'或移出本组
688023,安恒信息,同上（网络安全标SaaS）,同上
688561,奇安信-U,同上（网络安全标SaaS）,同上
300560,中富通,通信代维标IaaS基础设施服务，牵强,报告标'存疑复核'
301236,软通动力,通用IT外包（华为生态）标金融IT，金融科技占比小,报告'可保留但注明，或移出'，边界未定
000681,视觉中国,business_summary字段张冠李戴（写成反渗透膜公司），标签本身合理,修复summary字段（数据污染源问题），非标签操作
300418,昆仑万维,标Minimax但实为自研天工，另有'其他'垃圾桶段,逐只复核生态归属，疑似蹭标
002230,科大讯飞,标'微软生态'但实为星火自研,逐只复核生态归属
300226,上海钢联,Minimax关联弱,疑似蹭标，复核
688229,博睿数据,Minimax关联弱,疑似蹭标，复核
605277,新亚电子,线缆主业标'甲骨文生态',疑似蹭标，复核
600837,海通证券,已退市（2025-03-04终止上市，被国泰君安吸收合并）但仍在watchlist，结构层漏删,整只删除；存续实体601211国泰海通已在列表，无缺口
-,命名政策·生态后缀,Minimax(9只)等生态标签无'生态'后缀，格式不统一,报告建议统一'XX生态'格式（Minimax→Minimax生态），涉及面广宜单独决策
-,命名政策·垃圾桶/短剧,'其他'x5、'智慧AI'x4、'自研'x2；44只'短剧'与AI应用语义脱节；80只concept=category零区分度裸标,报告建议逐只定名/改'AI短剧'或单列/按场景细化，均为组级重构需单独排期
688075,安旭生物,锂电池/正极材料 vs 主营体外诊断，明显错配,人工复核，倾向移出
000790,华神科技,锂电池/电解液 vs 主营医药制造，明显错配,人工复核，倾向移出
600969,郴电国际,算力金属/锡 vs 主营电力供应（郴州产锡≠公司产锡）,人工复核，倾向移出
600868,梅雁吉祥,算力金属/镓 vs 主营水电，明显错配,人工复核，倾向移出
601890,亚星锚链,算力金属/钨 vs 主营船用锚链，明显错配,人工复核，倾向移出
000510,新金路,算力金属/镓 vs 主营PVC/氯碱，存疑,人工复核
000751,锌业股份,算力金属/锑 vs 主营锌冶炼，副产小金属待证,人工复核
000688,国城矿业,算力金属/铜 vs 主营铅锌钼为主，存疑,人工复核
000570,苏常柴A,锂电池/其他关键材料及设备 vs 柴油机（仅参股厚生新能源隔膜）,人工复核（参股性质，标签偏勉强）
002076,星光股份,锂电池/其他关键材料及设备 vs 主营照明，存疑,人工复核
300281,金明精机,锂电池/其他关键材料及设备 vs 主营薄膜设备，存疑,人工复核
600409,三友化工,锂电池/电解液 vs 纯碱/粘胶（钠电材料布局），桶位欠准,人工复核
002734,利民股份,锂电池/电解液 vs 农药主业，转型型,人工复核业务落地情况
300121,阳谷华泰,锂电池/电解液 vs 橡胶助剂主业，转型型,人工复核业务落地情况
002004,华邦健康,锂电池/电解液 vs 医药主业（控股凯盛新材·氯化亚砜，参股型）,人工复核业务落地情况
000060,中金岭南,算力金属/钨|锑|锗 vs 主营铅锌+锗，钨/锑依据不足,人工复核，报告倾向精简为「锗」
600301,华锡有色,算力金属/锑|锡|镓 vs 锡锑属实、镓待证,人工复核，报告倾向「锑|锡」
000426,兴业银锡,算力金属/铜|锡 vs 银+锡为主（银无此桶）,人工复核，可维持或改「锡」
300631,久吾高科,锂电池/锂矿资源 vs 提锂技术服务商（无自有锂矿）,人工复核：增设「盐湖提锂技术与材料」桶或并入「其他关键材料及设备」
688718,唯赛勃,锂电池/锂矿资源 vs 提锂材料服务商（无自有锂矿）,人工复核：同上桶位调整
300487,蓝晓科技,锂电池/锂矿资源 vs 提锂材料服务商（无自有锂矿）,人工复核：同上桶位调整
301092,争光股份,锂电池/锂矿资源 vs 提锂材料服务商（无自有锂矿）,人工复核：同上桶位调整
600160,巨化股份,锂电池/正极材料 vs PVDF 属正极粘结剂辅材,人工复核，报告建议归「其他关键材料及设备」
300343,联创股份,锂电池/正极材料 vs PVDF 属正极粘结剂辅材,人工复核，报告建议归「其他关键材料及设备」
688507,索辰科技,机器人/传感器 vs CAE仿真软件（机器人设计仿真软件）,人工复核：改「本体及应用」或「其他」注明仿真软件
002927,泰永长征,HVDC/固态变压器SST 弱匹配：SST仍在方案论证阶段,标签可留，人工复核时注明「SST在研」
600480,凌云股份,机器人/传感器 弱匹配：六维力传感器处研发阶段，汽车管路为主业,标签可留，人工复核标注弱关联
002706,良信股份,HVDC/高压直流电源HVDC 弱匹配：低压电器商，仅部件级配套,标签可留，人工复核确认可接受
300750,宁德时代,concept=太空光伏组件，主业动力电池，太空光伏组件证据薄弱,复核是否应保留在太空光伏组
002329,皇氏集团,concept=太空光伏组件，食品主业，地面光伏尚属跨界，太空属性更弱,复核是否保留
688611,杭州柯林,concept=太空光伏组件，sector=电网设备，与组件不符,复核是否保留
605598,上海港湾,concept=太空光伏组件，土木工程主业,复核是否保留
002565,顺灏股份,concept=太阳翼结构，造纸主业,复核是否保留
301528,多浦乐,concept=太阳翼结构，无损检测设备主业，至多算配套,复核是否保留
301071,力量钻石,concept=spacex-供应商，培育钻石主业，SpaceX供应链证据弱,复核标签
600761,安徽合力,concept=spacex-供应商，叉车主业,复核标签
603211,晋拓股份,concept=spacex-参股-微波放大器-基站放大器，汽车压铸件主业，参股SpaceX高度可疑,重点复核
600477,杭萧钢构,concept=太空光伏组件，钢结构/BIPV，太空属性不足（弱关联）,复核是否保留
002202,金风科技,concept=火箭，风电主业，仅参股蓝箭航天（弱关联）,concept可改为「参股蓝箭|火箭」明示逻辑，待拍板
603025,大豪科技,concept=电子布，主营缝制/针织设备电控系统，疑似错配,核实是否有电子布业务，否则移出
688090,瑞松科技,concept=设备，主营机器人焊接自动化产线，疑似错配,核实是否有光通信设备业务，否则移出
002725,跃岭股份,concept=光芯片，主营铝合金轮毂，仅参股中科光芯（边缘）,保留则concept改为「光芯片(参股)」
001359,平安电工,concept=电子布，主营云母绝缘材料,核实是否有电子级玻纤布产能
301678,新恒汇,concept=曝光，主营柔性引线框架/智能卡载带,核实曝光设备/工艺关联，否则改标
688003,天准科技,concept=曝光|贴片|钻孔，主营机器视觉检测设备，concept不精准,建议改为「检测」，待拍板
600183,生益科技,concept=硅微粉|覆铜板，覆铜板龙头，硅微粉标签存疑,建议简化为「覆铜板」，待拍板
002636,金安国纪,concept=电子布|覆铜板，主营覆铜板，电子布标签存疑,核实上游玻纤布产能，否则简化
300283,温州宏丰,concept=钻针，主营电接触材料/硬质合金，标签不精准,建议改为「钻针材料(硬质合金)」，待拍板
600885,宏发股份,concept=AIDC相关，主营继电器，仅靠数据中心电源用继电器间接关联（弱匹配）,建议concept细化或降权
002733,雄韬股份,concept=SOFC，仅中标中广核SOFC测试服务，非核心技术链条（边缘成立）,保留，可标注「测试服务/边缘」
920665,科强股份,特种橡胶主业，商业航天关联弱（原'北交所'桶）,确认是否有航天业务，无则保持无标签
300250,初灵信息,AI应用/'其他'桶未消化,人工定具体AI场景
300479,神思电子,AI应用/'其他'桶未消化,人工定具体AI场景
300812,易天股份,AI应用/'其他'桶未消化,人工定具体AI场景
300839,博汇股份,液冷/'其他'桶未消化,人工定液冷具体环节
