代码,名称,行业名称
300762,上海瀚讯,国防军工
688239,航宇科技,国防军工
301306,西测测试,国防军工
301517,陕西华达,国防军工
605123,派克新材,国防军工
002025,航天电器,国防军工
688629,华丰科技,国防军工
300474,景嘉微,国防军工
002297,博云新材,国防军工
002465,海格通信,国防军工
001270,*ST铖昌,国防军工
002977,*ST天箭,国防军工
600118,中国卫星,国防军工
688682,霍莱沃,国防军工
688510,航亚科技,国防军工
002111,威海广泰,国防军工
300123,ST亚光,国防军工
688132,邦彦技术,国防军工
300900,广联航空,国防军工
688523,航天环宇,国防军工
300045,华力创通,国防军工
600879,航天电子,国防军工
688281,华秦科技,国防军工
688053,ST思科瑞,国防军工
002829,星网宇达,国防军工
688776,国光电气,国防军工
002414,高德红外,国防军工
002023,海特高新,国防军工
002413,雷科防务,国防军工
688175,高凌信息,国防军工
601698,中国卫通,国防军工
688122,西部超导,国防军工
688685,迈信林,国防军工
002189,中光学,国防军工
300696,爱乐达,国防军工
003009,中天火箭,国防军工
688272,富吉瑞,国防军工
300581,晨曦航空,国防军工
301213,观想科技,国防军工
920642,通易航天,国防军工
920008,成电光信,国防军工
688081,兴图新科,国防军工
688708,佳驰科技,国防军工
600391,航发科技,国防军工
000561,烽火电子,国防军工
002151,北斗星通,国防军工
688311,盟升电子,国防军工
300177,中海达,国防军工
603267,鸿远电子,国防军工
603712,七一二,国防军工
301682,宏明电子,国防军工
000547,航天发展,国防军工
000738,航发控制,国防军工
688636,智明达,国防军工
600316,洪都航空,国防军工
600765,中航重机,国防军工
300775,三角防务,国防军工
301592,六九一二,国防军工
002446,盛路通信,国防军工
300447,全信股份,国防军工
600893,航发动力,国防军工
301586,佳力奇,国防军工
688586,江航装备,国防军工
002389,航天彩虹,国防军工
688237,超卓航科,国防军工
688522,纳睿雷达,国防军工
600855,航天长峰,国防军工
688818,电科蓝天,国防军工
300034,钢研高纳,国防军工
600990,四创电子,国防军工
002383,合众思壮,国防军工
688297,中无人机,国防军工
301050,雷电微力,国防军工
002651,利君股份,国防军工
300629,新劲刚,国防军工
688563,航材股份,国防军工
300424,航新科技,国防军工
688788,科思科技,国防军工
688552,航天南湖,国防军工
300719,安达维尔,国防军工
002935,天奥电子,国防军工
603261,*ST立航,国防军工
002625,光启技术,国防军工
002179,中航光电,国防军工
688084,晶品特装,国防军工
300699,光威复材,国防军工
300722,新余国科,国防军工
688002,睿创微纳,国防军工
301302,华如科技,国防军工
920006,晟楠科技,国防军工
300397,天和防务,国防军工
600862,中航高科,国防军工
002985,北摩高科,国防军工
600372,中航机载,国防军工
688287,*ST观典,国防军工
603678,火炬电子,国防军工
000768,中航西飞,国防军工
300726,宏达电子,国防军工
600562,国睿科技,国防军工
002338,奥普光电,国防军工
302132,中航成飞,国防军工
300101,振芯科技,国防军工
688375,国博电子,国防军工
600760,中航沈飞,国防军工
301571,国科天成,国防军工
688282,理工导航,国防军工
600590,泰豪科技,国防军工
300777,中简科技,国防军工
301696,三瑞智能,国防军工
600038,中直股份,国防军工
688439,振华风光,国防军工
300252,金信诺,国防军工
688070,纵横股份,国防军工
000733,振华科技,国防军工
300395,菲利华,国防军工
002214,*ST大立,国防军工
002933,新兴装备,国防军工
688011,新光光电,国防军工
688511,天微电子,国防军工
300965,恒宇信通,国防军工
000697,ST炼石,国防军工
688699,明微电子,电子
688256,寒武纪,电子
688521,芯原股份,电子
688141,杰华特,电子
688691,灿芯股份,电子
688449,联芸科技,电子
688515,裕太微-U,电子
688037,芯源微,电子
688536,思瑞浦,电子
688220,翱捷科技-U,电子
688820,盛合晶微,电子
300672,国科微,电子
603375,盛景微,电子
688123,聚辰股份,电子
688147,微导纳米,电子
688173,希荻微,电子
920181,赛英电子,电子
688508,芯朋微,电子
688270,ST臻镭,电子
688693,锴威特,电子
688130,晶华微,电子
688530,欧莱新材,电子
688249,晶合集成,电子
688107,安路科技,电子
300053,航宇微,电子
688347,华虹公司,电子
688047,龙芯中科,电子
688110,东芯股份,电子
688172,燕东微,电子
688216,气派科技,电子
688041,海光信息,电子
688802,沐曦股份-U,电子
688593,新相微,电子
688783,西安奕材-U,电子
688432,有研硅,电子
688512,慧智微-U,电子
688146,中船特气,电子
688981,中芯国际,电子
688368,晶丰明源,电子
688209,英集芯,电子
003026,中晶科技,电子
301369,联动科技,电子
688362,甬矽电子,电子
605358,立昂微,电子
002371,北方华创,电子
688072,拓荆科技,电子
688409,富创精密,电子
688403,汇成股份,电子
688361,中科飞测,电子
688052,纳芯微,电子
688012,中微公司,电子
002156,通富微电,电子
003043,华亚智能,电子
300661,圣邦股份,电子
688620,安凯微,电子
688729,屹唐股份,电子
688601,力芯微,电子
688200,华峰测控,电子
688380,中微半导,电子
688230,芯导科技,电子
300077,国民技术,电子
300706,阿石创,电子
688099,晶晨股份,电子
688809,强一股份,电子
688262,国芯科技,电子
688728,格科微,电子
300458,全志科技,电子
600460,士兰微,电子
688653,康希通信,电子
688795,摩尔线程-U,电子
920139,华岭股份,电子
300831,派瑞股份,电子
603068,博通集成,电子
688498,源杰科技,电子
688720,艾森股份,电子
688652,京仪装备,电子
688082,盛美上海,电子
600360,*ST华微,电子
688045,必易微,电子
688153,唯捷创芯,电子
002077,大港股份,电子
688372,伟测科技,电子
688727,恒坤新材,电子
688790,昂瑞微-UW,电子
688605,先锋精科,电子
688591,泰凌微,电子
600584,长电科技,电子
002185,华天科技,电子
301348,蓝箭电子,电子
300046,台基股份,电子
301678,新恒汇,电子
688049,炬芯科技,电子
688126,沪硅产业,电子
300666,江丰电子,电子
688167,炬光科技,电子
688589,力合微,电子
605111,新洁能,电子
688535,DR华海诚,电子
688419,耐科装备,电子
688120,华海清科,电子
688401,路维光电,电子
688391,钜泉科技,电子
688325,赛微微电,电子
600877,电科芯片,电子
688018,乐鑫科技,电子
688261,东微半导,电子
688469,芯联集成-U,电子
300456,赛微电子,电子
600641,先导基电,电子
600206,有研新材,电子
688008,澜起科技,电子
688396,华润微,电子
002049,紫光国微,电子
688233,神工股份,电子
688259,创耀科技,电子
688798,艾为电子,电子
688135,利扬芯片,电子
600171,上海贝岭,电子
688584,上海合晶,电子
300671,富满微,电子
920179,凯德石英,电子
603005,晶方科技,电子
300623,捷捷微电,电子
300327,中颖电子,电子
688416,恒烁股份,电子
688061,灿瑞科技,电子
688252,天德钰,电子
688352,颀中科技,电子
603986,兆易创新,电子
688766,普冉股份,电子
002119,康强电子,电子
688484,南芯科技,电子
002409,雅克科技,电子
688138,清溢光电,电子
603061,金海通,电子
002213,大为股份,电子
301536,星宸科技,电子
688279,峰岹科技,电子
688721,龙图光罩,电子
688478,晶升股份,电子
688458,美芯晟,电子
688689,银河微电,电子
688332,中科蓝讯,电子
001309,德明利,电子
603893,瑞芯微,电子
603160,汇顶科技,电子
688048,长光华芯,电子
301611,珂玛科技,电子
300604,长川科技,电子
688486,龙迅股份,电子
688582,XD芯动联,电子
300613,富瀚微,电子
300223,北京君正,电子
688213,思特威-W,电子
301629,矽电股份,电子
688525,佰维存储,电子
688595,芯海科技,电子
603690,至纯科技,电子
688702,盛科通信-U,电子
688661,和林微纳,电子
688608,恒玄科技,电子
688807,优迅股份,电子
300782,卓胜微,电子
688385,复旦微电,电子
301297,富乐德,电子
300373,扬杰科技,电子
688711,宏微科技,电子
688381,帝奥微,电子
301308,江波龙,电子
603501,豪威集团,电子
688234,天岳先进,电子
603290,斯达半导,电子
688709,成都华微,电子
688286,敏芯股份,电子
600745,闻泰科技,电子
600322,津投城开,房地产
600246,万通发展,房地产
600208,衢州发展,房地产
601588,北辰实业,房地产
000042,中洲控股,房地产
600606,绿地控股,房地产
000863,三湘印象,房地产
002208,合肥城建,房地产
600683,京投发展,房地产
600266,城建发展,房地产
000609,*ST中迪,房地产
600162,香江控股,房地产
000838,*ST发展,房地产
000797,中国武夷,房地产
600533,栖霞建设,房地产
200011,深物业B,房地产
000926,福星股份,房地产
000036,华联控股,房地产
600376,首开股份,房地产
600692,亚通股份,房地产
000965,天保基建,房地产
600159,大龙地产,房地产
600622,光大嘉宝,房地产
002133,广宇集团,房地产
002314,南山控股,房地产
000006,深振业Ａ,房地产
600503,华丽家族,房地产
600638,新黄浦,房地产
000718,苏宁环球,房地产
002016,世荣兆业,房地产
600665,天地源,房地产
600708,光明地产,房地产
002244,滨江集团,房地产
000668,*ST荣控,房地产
002146,荣盛发展,房地产
000029,深深房Ａ,房地产
000573,粤宏远Ａ,房地产
000897,津滨发展,房地产
600716,凤凰股份,房地产
600854,春兰股份,房地产
600657,信达地产,房地产
200029,深深房Ｂ,房地产
000514,渝 开 发,房地产
600383,金地集团,房地产
000002,万  科Ａ,房地产
000517,荣安地产,房地产
600791,京能置业,房地产
600675,中华企业,房地产
600510,黑牡丹,房地产
000090,天健集团,房地产
000736,*ST中地,房地产
600649,城投控股,房地产
600048,保利发展,房地产
000656,*ST金科,房地产
000014,沙河股份,房地产
000011,深物业A,房地产
000620,盈新发展,房地产
600094,大名城,房地产
900940,大名城B,房地产
600064,南京高科,房地产
600173,卧龙新能,房地产
600736,苏州高新,房地产
600748,上实发展,房地产
600773,西藏城投,房地产
600325,华发股份,房地产
000909,*ST数源,房地产
688800,瑞可达,其他电子Ⅱ
300656,民德电子,其他电子Ⅱ
603933,睿能科技,其他电子Ⅱ
688662,富信科技,其他电子Ⅱ
300991,创益通,其他电子Ⅱ
000062,深圳华强,其他电子Ⅱ
001287,中电港,其他电子Ⅱ
301359,东南电子,其他电子Ⅱ
002859,洁美科技,其他电子Ⅱ
300516,久之洋,其他电子Ⅱ
688093,世华科技,其他电子Ⅱ
000670,盈方微,其他电子Ⅱ
002885,京泉华,其他电子Ⅱ
300493,润欣科技,其他电子Ⅱ
001298,好上好,其他电子Ⅱ
002729,好利科技,其他电子Ⅱ
300184,力源信息,其他电子Ⅱ
688103,国力电子,其他电子Ⅱ
301275,汉朔科技,其他电子Ⅱ
300650,太龙股份,其他电子Ⅱ
002388,新亚制程,其他电子Ⅱ
301328,维峰电子,其他电子Ⅱ
301563,云汉芯城,其他电子Ⅱ
300475,香农芯创,其他电子Ⅱ
002130,沃尔核材,其他电子Ⅱ
300736,百邦科技,其他电子Ⅱ
301099,雅创电子,其他电子Ⅱ
002782,可立克,其他电子Ⅱ
300131,英唐智控,其他电子Ⅱ
002922,伊戈尔,其他电子Ⅱ
600353,旭光电子,其他电子Ⅱ
301031,中熔电气,其他电子Ⅱ
002161,远 望 谷,其他电子Ⅱ
603268,松发股份,航海装备Ⅲ
300065,海兰信,航海装备Ⅲ
300008,天海防务,航海装备Ⅲ
600150,中国船舶,航海装备Ⅲ
300810,中科海讯,航海装备Ⅲ
300600,国瑞科技,航海装备Ⅲ
601890,亚星锚链,航海装备Ⅲ
300589,江龙船艇,航海装备Ⅲ
600685,中船防务,航海装备Ⅲ
600764,中国海防,航海装备Ⅲ
000402,金 融 街,商业地产
600663,陆家嘴,商业地产
000031,大悦城,商业地产
000608,*ST阳光,商业地产
900939,汇丽B,商业地产
601155,新城控股,商业地产
000069,华侨城Ａ,商业地产
900932,陆家Ｂ股,商业地产
002305,*ST南置,商业地产
001979,招商蛇口,商业地产
600007,中国国贸,商业地产
600239,ST云城,商业地产
301599,N理奇,机械设备
920125,鸿仕达,机械设备
300083,创世纪,机械设备
920425,乐创技术,机械设备
920156,海昌智能,机械设备
688025,杰普特,机械设备
688090,瑞松科技,机械设备
688165,埃夫特-U,机械设备
688518,联赢激光,机械设备
920035,精创电气,机械设备
688218,江苏北人,机械设备
688310,迈得医疗,机械设备
600215,派斯林,机械设备
002747,埃斯顿,机械设备
688160,步科股份,机械设备
688395,正弦电气,机械设备
688017,绿的谐波,机械设备
002184,海得控制,机械设备
688646,ST逸飞,机械设备
688698,伟创电气,机械设备
603416,信捷电气,机械设备
605288,凯迪股份,机械设备
688329,艾隆科技,机械设备
688003,天准科技,机械设备
688170,德龙激光,机械设备
301312,智立方,机械设备
301512,智信精密,机械设备
688686,奥普特,机械设备
001266,宏英智能,机械设备
920593,鼎智科技,机械设备
688290,景业智能,机械设备
688777,中控技术,机械设备
300278,华昌达,机械设备
300024,机器人,机械设备
300607,拓斯达,机械设备
920578,巨能股份,机械设备
688623,双元科技,机械设备
301568,思泰克,机械设备
688255,凯尔达,机械设备
301510,固高科技,机械设备
301199,迈赫股份,机械设备
300124,汇川技术,机械设备
920396,常辅股份,机械设备
301633,港迪技术,机械设备
301320,豪江智能,机械设备
300276,三丰智能,机械设备
001223,欧克科技,机械设备
688320,禾川科技,机械设备
301418,协昌科技,机械设备
688455,科捷智能,机械设备
002979,雷赛智能,机械设备
603015,弘讯科技,机械设备
301112,信邦智能,机械设备
688097,博众精工,机械设备
688215,瑞晟智能,机械设备
688570,天玛智控,机械设备
300048,合康新能,机械设备
300802,矩子科技,机械设备
300747,锐科激光,机械设备
000988,华工科技,机械设备
002334,英威腾,机械设备
002975,博杰股份,机械设备
603025,大豪科技,机械设备
920119,美德乐,机械设备
920579,机科股份,机械设备
300486,东杰智能,机械设备
603203,快克智能,机械设备
920405,海希通讯,机械设备
603283,赛腾股份,机械设备
603082,北自科技,机械设备
605186,健麾信息,机械设备
688306,均普智能,机械设备
920885,星辰科技,机械设备
300484,蓝海华腾,机械设备
300227,光韵达,机械设备
688125,安达智能,机械设备
300461,田中精机,机械设备
002698,博实股份,机械设备
301029,怡合达,机械设备
002957,科瑞技术,机械设备
300757,罗博特科,机械设备
301021,英诺激光,机械设备
603583,捷昌驱动,机械设备
603960,克来机电,机械设备
300400,劲拓股份,机械设备
300097,智云股份,机械设备
002008,大族激光,机械设备
688559,海目星,机械设备
603666,亿嘉和,机械设备
688816,易思维,机械设备
603275,众辰科技,机械设备
920178,锐翔智能,机械设备
920096,嘉晨智能,机械设备
300885,海昌新材,通用设备
603131,上海沪工,通用设备
002943,宇晶股份,通用设备
301268,铭利达,通用设备
920186,中科仪,通用设备
688577,浙海德曼,通用设备
301468,博盈特焊,通用设备
603699,纽威股份,通用设备
300984,金沃股份,通用设备
920693,阿为特,通用设备
300161,华中数控,通用设备
002342,巨力索具,通用设备
920177,恒道科技,通用设备
600783,鲁信创投,通用设备
688333,铂力特,通用设备
300838,浙江力诺,通用设备
300154,瑞凌股份,通用设备
300861,美畅股份,通用设备
600114,东睦股份,通用设备
002046,国机精工,通用设备
301273,瑞晨环保,通用设备
300260,新莱应材,通用设备
300257,开山股份,通用设备
600343,航天动力,通用设备
688697,纽威数控,通用设备
300421,力星股份,通用设备
600243,*ST海华,通用设备
002633,申科股份,通用设备
920725,惠丰钻石,通用设备
603667,五洲新春,通用设备
002347,泰尔股份,通用设备
300700,岱勒新材,通用设备
002871,伟隆股份,通用设备
002520,日发精机,通用设备
920570,坤博精工,通用设备
920510,丰光精密,通用设备
603400,华之杰,通用设备
603270,金帝股份,通用设备
600889,*ST京化,通用设备
301377,鼎泰高科,通用设备
300809,华辰装备,通用设备
002896,中大力德,通用设备
300091,*ST金灵,通用设备
301255,通力科技,通用设备
300554,三超新材,通用设备
002843,泰嘉股份,通用设备
300946,恒而达,通用设备
300126,锐奇股份,通用设备
688305,科德数控,通用设备
002795,永和智控,通用设备
002903,宇环数控,通用设备
688557,兰剑智能,通用设备
600592,龙溪股份,通用设备
600558,大西洋,通用设备
688308,欧科亿,通用设备
920679,前进科技,通用设备
601882,XD海天精,通用设备
300470,中密控股,通用设备
920169,七丰精工,通用设备
301448,开创电气,通用设备
300985,致远新能,通用设备
001379,腾达科技,通用设备
920002,万达轴承,通用设备
301368,丰立智能,通用设备
000837,秦川机床,通用设备
301559,中集环科,通用设备
300718,长盛轴承,通用设备
002150,正泰电源,通用设备
688360,德马科技,通用设备
688028,沃尔德,通用设备
301151,冠龙节能,通用设备
301107,瑜欣电子,通用设备
600172,黄河旋风,通用设备
688433,华曙高科,通用设备
301596,瑞迪智驱,通用设备
301137,哈焊华通,通用设备
002884,凌霄泵业,通用设备
300992,泰福泵业,通用设备
002248,华东数控,通用设备
603028,赛福天,通用设备
002530,金财互联,通用设备
300488,恒锋工具,通用设备
688059,华锐精密,通用设备
001306,夏厦精密,通用设备
003025,思进智能,通用设备
002877,智能自控,通用设备
920870,恒进感应,通用设备
920260,中寰股份,通用设备
002164,宁波东力,通用设备
301353,普莱得,通用设备
920689,克莱特,通用设备
603269,海鸥股份,通用设备
000777,中核科技,通用设备
002282,博深股份,通用设备
301125,腾亚精工,通用设备
002931,锋龙股份,通用设备
301309,万得凯,通用设备
688355,明志科技,通用设备
300179,四方达,通用设备
603109,神驰机电,通用设备
605100,华丰股份,通用设备
600860,京城股份,通用设备
300402,宝色股份,通用设备
688448,磁谷科技,通用设备
002760,凤形股份,通用设备
603331,百达精工,通用设备
920950,迅安科技,通用设备
300157,新锦动力,通用设备
300780,德恩精工,通用设备
300441,鲍斯股份,通用设备
603969,银龙股份,通用设备
300263,隆华科技,通用设备
301028,鼎熔岩,通用设备
301311,昆船智能,通用设备
001696,宗申动力,通用设备
920807,奔朗新材,通用设备
300420,五洋自控,通用设备
300817,双飞集团,通用设备
601177,杭齿前进,通用设备
920082,方正阀门,通用设备
603617,君禾股份,通用设备
000410,沈阳机床,通用设备
000039,中集集团,通用设备
002122,ST汇洲,通用设备
920833,美心翼申,通用设备
002132,恒星科技,通用设备
920720,吉冈精密,通用设备
002438,江苏神通,通用设备
300228,富瑞特装,通用设备
603915,国茂股份,通用设备
002272,川润股份,通用设备
300818,耐普矿机,通用设备
002026,山东威达,通用设备
002598,ST章鼓,通用设备
601002,晋亿实业,通用设备
688379,华光新材,通用设备
301032,新柴股份,通用设备
603308,应流股份,通用设备
300193,佳士科技,通用设备
920223,荣亿精密,通用设备
603757,大元泵业,通用设备
920505,九菱科技,通用设备
920662,方盛股份,通用设备
002444,巨星科技,通用设备
301548,崇德科技,通用设备
688558,国盛智科,通用设备
301616,浙江华业,通用设备
002559,亚威股份,通用设备
002552,宝鼎科技,通用设备
605060,联德股份,通用设备
301261,恒工精密,通用设备
300145,南方泵业,通用设备
002131,利欧股份,通用设备
301317,鑫磊股份,通用设备
300828,锐新科技,通用设备
300606,金太阳,通用设备
603279,景津装备,通用设备
300943,春晖智控,通用设备
300503,昊志机电,通用设备
603088,宁波精达,通用设备
301603,乔锋智能,通用设备
603278,大业股份,通用设备
603090,宏盛股份,通用设备
688257,新锐股份,通用设备
002445,中南文化,通用设备
600992,贵绳股份,通用设备
920943,优机股份,通用设备
600421,*ST华嵘,通用设备
300430,诚益通,通用设备
200706,瓦轴B,通用设备
002514,宝馨科技,通用设备
688371,菲沃泰,电子化学品Ⅱ
688549,中巨芯-U,电子化学品Ⅱ
600330,天通股份,电子化学品Ⅱ
920012,创达新材,电子化学品Ⅱ
300054,鼎龙股份,电子化学品Ⅱ
301489,思泉新材,电子化学品Ⅱ
688545,兴福电子,电子化学品Ⅱ
920526,凯华材料,电子化学品Ⅱ
688150,莱特光电,电子化学品Ⅱ
603078,江化微,电子化学品Ⅱ
688359,三孚新科,电子化学品Ⅱ
688019,安集科技,电子化学品Ⅱ
301319,唯特偶,电子化学品Ⅱ
300346,南大光电,电子化学品Ⅱ
002584,西陇科学,电子化学品Ⅱ
300429,强力新材,电子化学品Ⅱ
688550,瑞联新材,电子化学品Ⅱ
002643,万润股份,电子化学品Ⅱ
002741,光华科技,电子化学品Ⅱ
688035,德邦科技,电子化学品Ⅱ
688603,天承科技,电子化学品Ⅱ
603931,格林达,电子化学品Ⅱ
300537,广信材料,电子化学品Ⅱ
688268,华特气体,电子化学品Ⅱ
300236,上海新阳,电子化学品Ⅱ
688548,广钢气体,电子化学品Ⅱ
300576,容大感光,电子化学品Ⅱ
300398,飞凯材料,电子化学品Ⅱ
688683,莱尔科技,电子化学品Ⅱ
300684,中石科技,电子化学品Ⅱ
300655,晶瑞电材,电子化学品Ⅱ
300285,国瓷材料,电子化学品Ⅱ
603002,宏昌电子,电子化学品Ⅱ
300481,濮阳惠成,电子化学品Ⅱ
688106,金宏气体,电子化学品Ⅱ
002763,汇洁股份,纺织服饰
600400,红豆股份,纺织服饰
002269,美邦服饰,纺织服饰
002634,*ST棒杰,纺织服饰
603808,歌力思,纺织服饰
300840,酷特智能,纺织服饰
002494,华斯股份,纺织服饰
605003,众望布艺,纺织服饰
001234,泰慕士,纺织服饰
002762,*ST金比,纺织服饰
300591,万里马,纺织服饰
300577,开润股份,纺织服饰
603839,安正时尚,纺织服饰
603365,水星家纺,纺织服饰
002832,比音勒芬,纺织服饰
002875,安奈儿,纺织服饰
300952,恒辉安防,纺织服饰
603665,康隆达,纺织服饰
002780,三夫户外,纺织服饰
002397,梦洁股份,纺织服饰
603116,红蜻蜓,纺织服饰
605138,盛泰集团,纺织服饰
600398,海澜之家,纺织服饰
603518,锦泓集团,纺织服饰
002293,罗莱生活,纺织服饰
600177,雅戈尔,纺织服饰
002404,嘉欣丝绸,纺织服饰
603307,扬州金泉,纺织服饰
603908,牧高笛,纺织服饰
920262,DR太湖雪,纺织服饰
002569,*ST步森,纺织服饰
002485,ST雪发,纺织服饰
603587,地素时尚,纺织服饰
603608,天创时尚,纺织服饰
002154,报 喜 鸟,纺织服饰
301276,嘉曼服饰,纺织服饰
300901,中胤时尚,纺织服饰
001209,洪兴股份,纺织服饰
002687,乔治白,纺织服饰
301088,戎美股份,纺织服饰
600630,龙头股份,纺织服饰
003016,欣贺股份,纺织服饰
603511,爱慕股份,纺织服饰
002327,富安娜,纺织服饰
601566,九牧王,纺织服饰
002563,森马服饰,纺织服饰
603958,哈森股份,纺织服饰
003041,真爱美家,纺织服饰
002656,*ST摩登,纺织服饰
300005,探路者,纺织服饰
603877,太平鸟,纺织服饰
603196,璞源材料,纺织服饰
002029,七 匹 狼,纺织服饰
002612,朗姿股份,纺织服饰
002486,嘉麟杰,纺织服饰
600137,浪莎股份,纺织服饰
603001,奥康国际,纺织服饰
603557,ST起步,纺织服饰
601718,际华集团,纺织服饰
600107,ST尔雅,纺织服饰
002193,如意集团,纺织服饰
300651,金陵体育,轻工制造
605299,舒华体育,轻工制造
603687,大胜达,轻工制造
002348,高乐股份,轻工制造
603058,永吉股份,轻工制造
920075,柏星龙,轻工制造
002678,珠江钢琴,轻工制造
001300,三柏硕,轻工制造
920121,江天科技,轻工制造
300883,龙利得,轻工制造
002565,顺灏股份,轻工制造
002899,英派斯,轻工制造
301287,康力源,轻工制造
002836,新宏泽,轻工制造
002191,劲嘉股份,轻工制造
002229,鸿博股份,轻工制造
603499,翔港科技,轻工制造
301355,南王科技,轻工制造
002799,环球印务,轻工制造
301223,中荣股份,轻工制造
002117,东港股份,轻工制造
300329,海伦钢琴,轻工制造
002228,合兴包装,轻工制造
002292,奥飞娱乐,轻工制造
300220,金运激光,轻工制造
001279,强邦新材,轻工制造
605080,浙江自然,轻工制造
002862,实丰文化,轻工制造
301011,华立科技,轻工制造
301335,天元宠物,轻工制造
603429,*ST集友,轻工制造
001222,源飞宠物,轻工制造
001238,浙江正特,轻工制造
002303,美盈森,轻工制造
000812,陕西金叶,轻工制造
920392,佳合科技,轻工制造
301296,新巨丰,轻工制造
002599,盛通股份,轻工制造
001368,通达创智,轻工制造
603091,众鑫股份,轻工制造
601515,衢州东峰,轻工制造
002575,群兴玩具,轻工制造
301062,上海艾录,轻工制造
002831,裕同科技,轻工制造
301588,美新科技,家居用品
605099,共创草坪,家居用品
301193,家联科技,家居用品
603195,公牛集团,家居用品
301356,天振股份,家居用品
603272,*ST联翔,家居用品
001216,华瓷股份,家居用品
603221,爱丽家居,家居用品
001211,双枪科技,家居用品
001221,悍高集团,家居用品
300640,德艺文创,家居用品
002571,德力股份,家居用品
003011,海象新材,家居用品
301113,雅艺科技,家居用品
301595,太力科技,家居用品
603226,菲林格尔,家居用品
603838,*ST四通,家居用品
605155,西大门,家居用品
002798,帝欧水华,家居用品
002094,青岛金王,家居用品
300993,玉马科技,家居用品
603615,茶花股份,家居用品
603725,天安新材,家居用品
601996,丰林集团,家居用品
002162,悦心健康,家居用品
001356,富岭股份,家居用品
001386,马可波罗,家居用品
002615,哈尔斯,家居用品
301004,嘉益股份,家居用品
300729,乐歌股份,家居用品
301501,恒鑫生活,家居用品
000910,大亚圣象,家居用品
003012,东鹏控股,家居用品
301055,张小泉,家居用品
002918,蒙娜丽莎,家居用品
603021,ST华鹏,家居用品
605389,长龄液压,工程机械
301446,福事特,工程机械
301079,邵阳液压,工程机械
603638,艾迪精密,工程机械
920020,泰凯英,工程机械
301161,唯万密封,工程机械
001226,拓山重工,工程机械
920942,恒立钻具,工程机械
920245,威博液压,工程机械
920839,万通液压,工程机械
601100,恒立液压,工程机械
001239,永达股份,工程机械
301279,金道科技,工程机械
603726,朗迪集团,家用电器
001268,联合精密,家用电器
920108,宏海科技,家用电器
603657,春光科技,家用电器
002052,同洲电子,家用电器
002290,禾盛新材,家用电器
600619,海立股份,家用电器
301280,珠城科技,家用电器
002050,三花智控,家用电器
900910,海立Ｂ股,家用电器
603519,立霸股份,家用电器
301008,宏昌科技,家用电器
002402,和而泰,家用电器
301578,辰奕智能,家用电器
003028,振邦智能,家用电器
300543,朗科智能,家用电器
688609,九联科技,家用电器
920768,拾比佰,家用电器
603578,三星新材,家用电器
300403,汉宇集团,家用电器
301135,瑞德智能,家用电器
301252,同星科技,家用电器
603677,XD奇精机,家用电器
300160,秀强股份,家用电器
002676,顺威股份,家用电器
002860,星帅尔,家用电器
000810,创维数字,家用电器
300342,天银机电,家用电器
000404,长虹华意,家用电器
300279,和晶科技,家用电器
300217,东方电热,家用电器
688696,极米科技,家用电器
601956,东贝集团,家用电器
603112,华翔股份,家用电器
002420,毅昌科技,家用电器
603075,热威股份,家用电器
000801,四川九洲,家用电器
002011,盾安环境,家用电器
603311,金海高科,家用电器
920699,海达尔,家用电器
002418,康盛股份,家用电器
920718,合肥高科,家用电器
688400,凌云光,专用设备
688531,日联科技,专用设备
688813,泰金新能,专用设备
002779,中坚科技,专用设备
603076,乐惠国际,专用设备
301338,凯格精机,专用设备
603081,大丰实业,专用设备
300833,浩洋股份,专用设备
920080,奥美森,专用设备
300004,南风股份,专用设备
920475,三友科技,专用设备
688211,中科微至,专用设备
300836,佰奥智能,专用设备
920717,瑞星股份,专用设备
000856,冀东装备,专用设备
002006,精工科技,专用设备
300293,蓝英装备,专用设备
600501,航天晨光,专用设备
300103,达刚控股,专用设备
300988,津荣天宇,专用设备
688071,华依科技,专用设备
920091,大鹏工业,专用设备
300382,斯莱克,专用设备
002757,南兴股份,专用设备
688312,燕麦科技,专用设备
603289,泰瑞机器,专用设备
603011,合锻智能,专用设备
300412,迦南科技,专用设备
603895,天永智能,专用设备
002529,*ST海源,专用设备
301013,利和兴,专用设备
300415,伊之密,专用设备
920455,汇隆活塞,专用设备
002031,巨轮智能,专用设备
688113,联测科技,专用设备
002786,银宝山新,专用设备
300813,泰林生物,专用设备
688383,新益昌,专用设备
920855,浙江大农,专用设备
300971,博亚精工,专用设备
688529,豪森智能,专用设备
688755,汉邦科技,专用设备
920112,巴兰仕,专用设备
001395,亚联机械,专用设备
603956,威派格,专用设备
300549,优德精密,专用设备
300411,金盾股份,专用设备
002337,赛象科技,专用设备
600444,国机通用,专用设备
300823,建科智能,专用设备
300472,*ST新元,专用设备
688128,中国电研,专用设备
301083,百胜智能,专用设备
300281,金明精机,专用设备
600579,中化装备,专用设备
002009,天奇股份,专用设备
300151,昌红科技,专用设备
688596,正帆科技,专用设备
603656,泰禾智能,专用设备
002837,英维克,专用设备
300756,金马游乐,专用设备
688022,瀚川智能,专用设备
920856,浩淼科技,专用设备
002833,弘亚数控,专用设备
300902,国安达,专用设备
603159,上海亚虹,专用设备
301392,汇成真空,专用设备
688328,深科达,专用设备
688092,爱科科技,专用设备
002690,美亚光电,专用设备
688162,巨一科技,专用设备
001400,江顺科技,专用设备
301598,博科测试,专用设备
300471,厚普股份,专用设备
600520,三佳科技,专用设备
603855,华荣股份,专用设备
301200,大族数控,专用设备
300499,高澜股份,专用设备
300540,蜀道装备,专用设备
920026,卓兆点胶,专用设备
688648,中邮科技,专用设备
688700,东威科技,专用设备
920061,西磁科技,专用设备
920284,灵鸽科技,专用设备
002816,*ST和科,专用设备
688630,芯碁微装,专用设备
002595,豪迈科技,专用设备
301128,强瑞技术,专用设备
600499,科达制造,专用设备
002073,软控股份,专用设备
605259,绿田机械,专用设备
688811,有研复材,有色金属
002192,融捷股份,有色金属
605376,博迁新材,有色金属
002240,盛新锂能,有色金属
603045,福达合金,有色金属
603399,永杉锂业,有色金属
920078,族兴新材,有色金属
300835,龙磁科技,有色金属
300811,铂科新材,有色金属
688102,斯瑞新材,有色金属
002466,天齐锂业,有色金属
002756,永兴材料,有色金属
688231,隆达股份,有色金属
920576,天力复合,有色金属
688456,有研粉材,有色金属
920751,惠同新材,有色金属
605158,华达新材,有色金属
002460,赣锋锂业,有色金属
301219,腾远钴业,有色金属
301522,上大股份,有色金属
300963,中洲特材,有色金属
300855,图南股份,有色金属
000969,安泰科技,有色金属
301323,新莱福,有色金属
603072,天和磁材,有色金属
600255,鑫科材料,有色金属
300618,寒锐钴业,有色金属
300127,银河磁体,有色金属
000633,合金投资,有色金属
000795,英洛华,有色金属
300224,正海磁材,有色金属
688077,大地熊,有色金属
000970,中科三环,有色金属
000762,西藏矿业,有色金属
002738,中矿资源,有色金属
301622,英思特,有色金属
301141,中科磁业,有色金属
603124,江南新材,有色金属
600366,宁波韵升,有色金属
688190,云路股份,有色金属
300748,金力永磁,有色金属
603978,深圳新星,有色金属
300930,屹通新材,有色金属
688786,悦安新材,有色金属
601137,博威合金,有色金属
688808,C联讯,仪器仪表
688115,思林杰,仪器仪表
300165,天瑞仪器,仪器仪表
300567,精测电子,仪器仪表
688450,光格科技,仪器仪表
688528,秦川物联,仪器仪表
688583,思看科技,仪器仪表
300553,集智股份,仪器仪表
301006,迈拓股份,仪器仪表
300417,南华仪器,仪器仪表
920509,同惠电子,仪器仪表
300445,康斯特,仪器仪表
300862,蓝盾光电,仪器仪表
300371,汇中股份,仪器仪表
300897,山科智能,仪器仪表
688610,埃科光电,仪器仪表
300007,汉威科技,仪器仪表
301413,安培龙,仪器仪表
300906,日月明,仪器仪表
688665,四方光电,仪器仪表
688627,精智达,仪器仪表
002767,先锋电子,仪器仪表
300466,赛摩智能,仪器仪表
300354,东华测试,仪器仪表
603662,柯力传感,仪器仪表
300112,万讯自控,仪器仪表
300306,远方信息,仪器仪表
920685,新芝生物,仪器仪表
002849,威星智能,仪器仪表
300720,海川智能,仪器仪表
301360,荣旗科技,仪器仪表
300557,理工光科,仪器仪表
301528,多浦乐,仪器仪表
920407,驰诚股份,仪器仪表
301303,真兰仪表,仪器仪表
002819,东方中科,仪器仪表
301197,工大科雅,仪器仪表
920476,海能技术,仪器仪表
688056,莱伯泰科,仪器仪表
603700,宁水集团,仪器仪表
688112,鼎阳科技,仪器仪表
300370,安控科技,仪器仪表
300203,聚光科技,仪器仪表
300515,三德科技,仪器仪表
300066,三川智慧,仪器仪表
301129,瑞纳智能,仪器仪表
603100,川仪股份,仪器仪表
688768,容知日新,仪器仪表
300259,新天科技,仪器仪表
920363,莱赛激光,仪器仪表
300349,金卡智能,仪器仪表
300667,必创科技,仪器仪表
688628,优利德,仪器仪表
688337,普源精电,仪器仪表
605056,咸亨国际,仪器仪表
920029,开发科技,仪器仪表
920879,DR基康技,仪器仪表
002058,*ST威尔,仪器仪表
301630,同宇新材,仪器仪表
920961,创远信科,仪器仪表
688001,华兴源创,仪器仪表
920651,天罡股份,仪器仪表
002175,*ST东智,仪器仪表
688622,*ST禾信,仪器仪表
301260,格力博,农用机械
920895,花溪科技,农用机械
603029,天鹅股份,农用机械
601038,一拖股份,农用机械
301533,威马农机,农用机械
300879,大叶股份,农用机械
920608,丰安股份,农用机械
300159,*ST新研,农用机械
603789,*ST星农,农用机械
002890,弘宇股份,农用机械
600540,新赛股份,农林牧渔
002157,正邦科技,农林牧渔
300094,国联水产,农林牧渔
600359,新农开发,农林牧渔
000735,罗 牛 山,农林牧渔
600467,好当家,农林牧渔
300498,温氏股份,农林牧渔
600354,敦煌种业,农林牧渔
605296,神农集团,农林牧渔
601118,海南橡胶,农林牧渔
300087,荃银高科,农林牧渔
603477,巨星农牧,农林牧渔
000663,永安林业,农林牧渔
300189,神农种业,农林牧渔
002982,湘佳股份,农林牧渔
002746,仙坛股份,农林牧渔
002041,登海种业,农林牧渔
600097,开创国际,农林牧渔
600371,万向德农,农林牧渔
000592,平潭发展,农林牧渔
920403,康农种业,农林牧渔
300761,立华股份,农林牧渔
002458,益生股份,农林牧渔
920087,秋乐种业,农林牧渔
600108,亚盛集团,农林牧渔
301116,益客食品,农林牧渔
000798,中水渔业,农林牧渔
200992,中  鲁Ｂ,农林牧渔
002679,福建金森,农林牧渔
002714,牧原股份,农林牧渔
600975,新五丰,农林牧渔
000048,京基智农,农林牧渔
000876,新 希 望,农林牧渔
001201,东瑞股份,农林牧渔
300967,晓鸣股份,农林牧渔
002234,民和股份,农林牧渔
002299,圣农发展,农林牧渔
600265,*ST景谷,农林牧渔
002069,獐子岛,农林牧渔
600257,大湖股份,农林牧渔
000998,隆平高科,农林牧渔
600313,农发种业,农林牧渔
002124,天邦食品,农林牧渔
000713,国投丰乐,农林牧渔
603336,宏辉果蔬,农林牧渔
002188,中天服务,房地产服务
603506,南都物业,房地产服务
002285,世联行,房地产服务
300917,特发服务,房地产服务
002968,新大正,房地产服务
000560,我爱我家,房地产服务
600724,宁波富达,房地产服务
600136,ST明诚,房地产服务
001914,招商积余,房地产服务
200056,*ST皇庭B,房地产服务
000056,*ST皇庭,房地产服务
002990,盛视科技,计算机
000066,中国长城,计算机
301666,大普微-UW,计算机
300469,信息发展,计算机
603660,苏州科达,计算机
920592,华信永道,计算机
300935,盈建科,计算机
688083,中望软件,计算机
300380,安硕信息,计算机
688615,合合信息,计算机
603990,麦迪科技,计算机
301269,华大九天,计算机
002512,ST达华,计算机
300455,航天智装,计算机
688479,友车科技,计算机
002528,*ST英飞,计算机
002415,海康威视,计算机
920976,视声智能,计算机
300270,中威电子,计算机
300366,ST创意,计算机
688296,和达科技,计算机
003004,*ST声迅,计算机
301391,卡莱特,计算机
002577,雷柏科技,计算机
300324,旋极信息,计算机
688291,金橙子,计算机
300605,恒锋信息,计算机
688078,龙软科技,计算机
300085,银之杰,计算机
603232,格尔软件,计算机
603019,中科曙光,计算机
300235,方直科技,计算机
300550,和仁科技,计算机
688590,新致软件,计算机
300556,丝路视觉,计算机
300209,行云科技,计算机
688692,达梦数据,计算机
600570,恒生电子,计算机
920808,曙光数创,计算机
300790,宇瞳光学,计算机
603106,恒银科技,计算机
688188,柏楚电子,计算机
688060,云涌科技,计算机
000503,国新健康,计算机
920932,科达自控,计算机
301182,凯旺科技,计算机
688619,罗普特,计算机
300449,汉邦高科,计算机
301600,慧翰股份,计算机
300551,古鳌科技,计算机
920036,觅睿科技,计算机
301095,广立微,计算机
920799,艾融软件,计算机
688206,概伦电子,计算机
600455,博通股份,计算机
301589,诺瓦星云,计算机
301117,佳缘科技,计算机
920415,恒拓开源,计算机
002180,奔图科技,计算机
300659,中孚信息,计算机
300520,科大国创,计算机
688489,三未信安,计算机
300789,唐源电气,计算机
300042,朗科科技,计算机
301042,安联锐视,计算机
688588,凌志软件,计算机
002362,汉王科技,计算机
002261,拓维信息,计算机
002405,四维图新,计算机
300377,赢时胜,计算机
300333,兆日科技,计算机
002376,新北洋,计算机
300479,神思电子,计算机
002153,石基信息,计算机
688292,浩瀚深度,计算机
300253,卫宁健康,计算机
920198,微创光电,计算机
688288,鸿泉技术,计算机
002236,大华股份,计算机
300803,指南针,计算机
688475,萤石网络,计算机
603496,恒为科技,计算机
300226,上海钢联,计算机
301378,通达海,计算机
300542,新晨科技,计算机
300074,华平股份,计算机
003029,吉大正元,计算机
300552,万集科技,计算机
688507,索辰科技,计算机
300830,金现代,计算机
300730,科创信息,计算机
300155,安居宝,计算机
301337,亚华电子,计算机
003007,直真科技,计算机
301195,北路智控,计算机
300465,高伟达,计算机
002197,证通电子,计算机
301503,智迪科技,计算机
688318,财富趋势,计算机
300365,恒华科技,计算机
300743,天地数码,计算机
300033,同花顺,计算机
300845,捷安高科,计算机
300996,普联软件,计算机
688631,莱斯信息,计算机
300386,飞天诚信,计算机
301159,三维天地,计算机
300525,博思软件,计算机
300847,中船汉光,计算机
300588,熙菱信息,计算机
300368,汇金股份,计算机
000948,南天信息,计算机
920190,雷神科技,计算机
002177,御银股份,计算机
002268,电科网安,计算机
002835,同为股份,计算机
300468,四方精创,计算机
603927,中科软,计算机
300884,狄耐克,计算机
688118,普元信息,计算机
688232,新点软件,计算机
300546,雄帝科技,计算机
601519,大智慧,计算机
001229,魅视科技,计算机
301339,通行宝,计算机
300608,思特奇,计算机
301318,维海德,计算机
001339,智微智能,计算机
688657,浩辰软件,计算机
300249,依米康,计算机
300451,创业慧康,计算机
300941,创识科技,计算机
603508,思维列控,计算机
920090,*ST同辉,计算机
300663,科蓝软件,计算机
300275,梅安森,计算机
688109,品茗科技,计算机
688246,嘉和美康,计算机
600100,同方股份,计算机
002987,京北方,计算机
300771,智莱科技,计算机
301608,博实结,计算机
002322,理工能科,计算机
300579,数字认证,计算机
002152,广电运通,计算机
300559,佳发教育,计算机
300508,维宏股份,计算机
300248,新开普,计算机
688171,纬德信息,计算机
002410,广联达,计算机
600602,云赛智联,计算机
300229,拓尔思,计算机
301153,中科江南,计算机
002912,中新赛克,计算机
300047,天源迪科,计算机
300691,联合光电,计算机
300130,新国都,计算机
300925,法本信息,计算机
300645,正元智慧,计算机
300075,数字政通,计算机
002253,*ST智胜,计算机
688208,道通科技,计算机
000997,新 大 陆,计算机
002869,金溢科技,计算机
300598,诚迈科技,计算机
300188,国投智能,计算机
301330,熵基科技,计算机
900901,云赛Ｂ股,计算机
002063,远光软件,计算机
300348,长亮科技,计算机
603383,顶点软件,计算机
300462,ST华铭,计算机
605118,力鼎光电,计算机
920207,众诚科技,计算机
688326,经纬恒润-W,计算机
300531,优博讯,计算机
688038,中科通达,计算机
300302,同有科技,计算机
002970,锐明技术,计算机
600654,中安科,计算机
000977,浪潮信息,计算机
300561,*ST汇科,计算机
301162,国能日新,计算机
002178,延华智能,计算机
603528,多伦科技,计算机
688579,地纬智能,计算机
688307,中润光学,计算机
603516,淳中科技,计算机
603189,网达软件,计算机
300807,天迈科技,计算机
300352,北信源,计算机
603356,华菱精工,楼宇设备
603321,梅轮电梯,楼宇设备
603488,展鹏科技,楼宇设备
002527,新时达,楼宇设备
002774,快意电梯,楼宇设备
600835,上海机电,楼宇设备
002960,青鸟智控,楼宇设备
300669,沪宁股份,楼宇设备
900925,机电Ｂ股,楼宇设备
920395,朗鸿科技,楼宇设备
301056,森赫股份,楼宇设备
600894,广日股份,楼宇设备
002367,康力电梯,楼宇设备
605286,同力天启,楼宇设备
002689,ST远智,楼宇设备
300931,通用电梯,楼宇设备
688021,奥福科技,汽车
301529,福赛科技,汽车
000980,众泰汽车,汽车
603190,亚通精工,汽车
002870,香山股份,汽车
603119,浙江荣泰,汽车
301310,鑫宏业,汽车
603179,新泉股份,汽车
601500,通用股份,汽车
300816,艾可蓝,汽车
000700,模塑科技,汽车
603048,浙江黎明,汽车
002725,跃岭股份,汽车
300928,华安鑫创,汽车
301005,超捷股份,汽车
600651,飞乐音响,汽车
605151,西上海,汽车
002488,金固股份,汽车
301499,维科精密,汽车
000599,青岛双星,汽车
600081,东风科技,汽车
000901,航天科技,汽车
603730,岱美股份,汽车
605128,上海沿浦,汽车
603266,天龙股份,汽车
300969,恒帅股份,汽车
603409,汇通控股,汽车
300652,雷迪克,汽车
001311,多利科技,汽车
603085,天成自控,汽车
002937,兴瑞科技,汽车
301186,超达装备,汽车
301552,科力装备,汽车
300304,云意电气,汽车
603786,科博达,汽车
002997,瑞鹄模具,汽车
920270,天铭科技,汽车
001233,海安集团,汽车
301133,金钟股份,汽车
920055,隆源股份,汽车
603201,常润股份,汽车
603210,泰鸿万立,汽车
300428,立中集团,汽车
002516,旷达科技,汽车
002813,路畅科技,汽车
301233,盛帮股份,汽车
300100,双林股份,汽车
920247,华密新材,汽车
002664,信质集团,汽车
920187,通领科技,汽车
002976,瑞玛精密,汽车
920022,世昌股份,汽车
301581,黄山谷捷,汽车
301298,东利机械,汽车
002510,天汽模,汽车
603418,友升股份,汽车
601279,英利汽车,汽车
301398,星源卓镁,汽车
002355,兴民智通,汽车
002190,成飞集成,汽车
301539,宏鑫科技,汽车
920221,易实精密,汽车
301173,毓恬冠佳,汽车
603023,威帝股份,汽车
301488,豪恩汽电,汽车
001319,铭科精技,汽车
920533,骏创科技,汽车
605319,无锡振华,汽车
301022,海泰科,汽车
920906,舜宇精工,汽车
920663,明阳科技,汽车
603211,晋拓股份,汽车
603306,华懋科技,汽车
600609,金杯汽车,汽车
605018,长华集团,汽车
920690,捷众科技,汽车
920436,大地电气,汽车
301613,新铝时代,汽车
002921,联诚精密,汽车
002101,广东鸿图,汽车
600523,贵航股份,汽车
300695,兆丰股份,汽车
300446,航天智造,汽车
600699,均胜电子,汽车
600469,风神股份,汽车
688612,威迈斯,汽车
688533,上声电子,汽车
600742,富维股份,汽车
603768,常青股份,汽车
603997,继峰股份,汽车
603293,埃泰克,汽车
600480,凌云股份,汽车
603006,联明股份,汽车
605333,沪光股份,汽车
300998,宁波方正,汽车
300926,博俊科技,汽车
301000,肇民科技,汽车
300978,东箭科技,汽车
002766,索菱股份,汽车
301535,浙江华远,汽车
600626,申达股份,汽车
605068,明新旭腾,汽车
300643,万通智控,汽车
002239,奥特佳,汽车
300912,凯龙高科,汽车
300893,松原安全,汽车
603202,天有为,汽车
603376,大明电子,汽车
300237,ST美晨,汽车
001285,瑞立科密,汽车
002085,万丰奥威,汽车
000887,中鼎股份,汽车
002965,祥鑫科技,汽车
002863,今飞凯达,汽车
301181,标榜股份,汽车
300707,威唐工业,汽车
601163,三角轮胎,汽车
603197,保隆科技,汽车
002920,德赛西威,汽车
600660,福耀玻璃,汽车
603049,中策橡胶,汽车
301656,联合动力,汽车
301631,壹连科技,汽车
001260,坤泰股份,汽车
002984,森麒麟,汽车
301221,光庭信息,汽车
601799,星宇股份,汽车
300863,卡倍亿,汽车
603348,文灿股份,汽车
603239,浙江仙通,汽车
601966,玲珑轮胎,汽车
300473,德尔股份,汽车
002537,海联金汇,汽车
000589,贵州轮胎,汽车
603352,至信股份,汽车
605228,神通科技,汽车
002048,宁波华翔,汽车
603035,常熟汽饰,汽车
688737,中自科技,汽车
605005,合兴股份,汽车
603390,通达电气,汽车
300681,英搏尔,汽车
300745,欣锐科技,汽车
603335,迪生力,汽车
600741,华域汽车,汽车
600182,S佳通,汽车
601058,赛轮轮胎,汽车
603655,朗博科技,汽车
002906,华阳集团,汽车
001278,一彬科技,汽车
002328,新朋股份,汽车
301607,富特科技,汽车
002662,峰璟股份,汽车
920168,通宝光电,汽车
603358,华达科技,汽车
688667,菱电电控,汽车
002454,松芝股份,汽车
603922,ST金鸿顺,汽车
002547,*ST春兴,汽车
603917,合力科技,汽车
603178,圣龙股份,底盘与发动机系统
000880,潍柴重机,底盘与发动机系统
301225,恒勃股份,底盘与发动机系统
603286,日盈电子,底盘与发动机系统
603926,铁流股份,底盘与发动机系统
300547,川环科技,底盘与发动机系统
601689,拓普集团,底盘与发动机系统
301550,斯菱智驱,底盘与发动机系统
920378,泰德股份,底盘与发动机系统
300680,隆盛科技,底盘与发动机系统
000338,潍柴动力,底盘与发动机系统
301397,溯联股份,底盘与发动机系统
600933,爱柯迪,底盘与发动机系统
002472,双环传动,底盘与发动机系统
600218,全柴动力,底盘与发动机系统
000981,山子高科,底盘与发动机系统
001282,三联锻造,底盘与发动机系统
603809,豪能股份,底盘与发动机系统
920086,科马材料,底盘与发动机系统
002715,登云股份,底盘与发动机系统
605255,天普股份,底盘与发动机系统
300580,贝斯特,底盘与发动机系统
603166,福达股份,底盘与发动机系统
603013,亚普股份,底盘与发动机系统
301667,纳百川,底盘与发动机系统
603305,旭升集团,底盘与发动机系统
301119,正强股份,底盘与发动机系统
301072,中捷精工,底盘与发动机系统
920146,华阳变速,底盘与发动机系统
002265,建设工业,底盘与发动机系统
000559,万向钱潮,底盘与发动机系统
605133,嵘泰股份,底盘与发动机系统
603319,美湖股份,底盘与发动机系统
301007,德迈仕,底盘与发动机系统
605088,冠盛股份,底盘与发动机系统
002363,隆基机械,底盘与发动机系统
000678,襄阳轴承,底盘与发动机系统
002708,光洋股份,底盘与发动机系统
301020,密封科技,底盘与发动机系统
920871,派特尔,底盘与发动机系统
300694,蠡湖股份,底盘与发动机系统
603701,德宏股份,底盘与发动机系统
603009,北特科技,底盘与发动机系统
301192,泰祥股份,底盘与发动机系统
300258,精锻科技,底盘与发动机系统
603767,中马传动,底盘与发动机系统
900920,动力Ｂ股,底盘与发动机系统
200581,苏威孚Ｂ,底盘与发动机系统
300611,美力科技,底盘与发动机系统
603161,科华控股,底盘与发动机系统
603788,宁波高发,底盘与发动机系统
600698,湖南天雁,底盘与发动机系统
920242,建邦科技,底盘与发动机系统
000816,智慧农业,底盘与发动机系统
600841,动力新科,底盘与发动机系统
920896,旺成科技,底盘与发动机系统
002284,亚太股份,底盘与发动机系统
603586,金麒麟,底盘与发动机系统
301229,纽泰格,底盘与发动机系统
300176,鸿特科技,底盘与发动机系统
920454,同心传动,底盘与发动机系统
603982,泉峰汽车,底盘与发动机系统
301170,锡南科技,底盘与发动机系统
600148,长春一东,底盘与发动机系统
603949,雪龙集团,底盘与发动机系统
920000,安徽凤凰,底盘与发动机系统
000581,威孚高科,底盘与发动机系统
603107,上海汽配,底盘与发动机系统
603040,新坐标,底盘与发动机系统
920271,邦德股份,底盘与发动机系统
900946,天雁B股,底盘与发动机系统
920837,华原股份,底盘与发动机系统
603121,华培动力,底盘与发动机系统
000030,富奥股份,底盘与发动机系统
300375,鹏翎股份,底盘与发动机系统
603089,正裕工业,底盘与发动机系统
603758,秦安股份,底盘与发动机系统
002592,ST八菱,底盘与发动机系统
002806,华锋股份,底盘与发动机系统
300733,西菱动力,底盘与发动机系统
002765,蓝黛科技,底盘与发动机系统
603596,伯特利,底盘与发动机系统
603037,凯众股份,底盘与发动机系统
301680,固德电材,底盘与发动机系统
002590,万安科技,底盘与发动机系统
300507,苏奥传感,底盘与发动机系统
200030,富奥B,底盘与发动机系统
002448,中原内配,底盘与发动机系统
002406,远东传动,底盘与发动机系统
603950,长源东谷,底盘与发动机系统
002283,天润工业,底盘与发动机系统
600178,东安动力,底盘与发动机系统
002536,飞龙股份,底盘与发动机系统
920418,苏轴股份,底盘与发动机系统
000570,苏常柴Ａ,底盘与发动机系统
002434,万里扬,底盘与发动机系统
603158,腾龙股份,底盘与发动机系统
002126,银轮股份,底盘与发动机系统
200570,苏常柴Ｂ,底盘与发动机系统
001380,华纬科技,底盘与发动机系统
002703,浙江世宝,底盘与发动机系统
920195,三祥科技,底盘与发动机系统
300585,奥联电子,底盘与发动机系统
000903,ST云动,底盘与发动机系统
603007,花王股份,底盘与发动机系统
920978,开特股份,底盘与发动机系统
301560,众捷汽车,底盘与发动机系统
600960,渤海汽车,底盘与发动机系统
002553,南方精工,底盘与发动机系统
920106,林泰新材,底盘与发动机系统
688280,精进电动-W,底盘与发动机系统
300866,安克创新,消费电子
920183,海菲曼,消费电子
301606,绿联科技,消费电子
688007,光峰科技,消费电子
002888,惠威科技,消费电子
688775,影石创新,消费电子
301189,奥尼电子,消费电子
002841,视源股份,消费电子
002351,漫步者,消费电子
002045,国光电器,消费电子
688036,传音控股,消费电子
002548,金新农,饲料
603668,天马科技,饲料
000702,正虹科技,饲料
002100,天康生物,饲料
002696,百洋股份,饲料
001366,播恩集团,饲料
603609,禾丰股份,饲料
002311,海大集团,饲料
002567,唐人神,饲料
603151,邦基科技,饲料
002385,大北农,饲料
603363,傲农生物,饲料
001313,粤海饲料,饲料
300152,*ST动力,环保
688069,德林海,环保
300385,ST雪浪,环保
600769,祥龙电业,环保
920802,保丽洁,环保
301372,科净源,环保
300692,中赋科技,环保
603903,中持股份,环保
002573,清新环境,环保
000711,ST京蓝,环保
603177,德创环保,环保
688480,赛恩斯,环保
300056,中创环保,环保
688701,卓锦股份,环保
688466,金科环境,环保
688156,路德科技,环保
301259,艾布鲁,环保
688335,复洁科技,环保
300958,建工修复,环保
301519,舜禹股份,环保
603291,联合水务,环保
000826,*ST启环,环保
300334,津膜科技,环保
300864,南大环境,环保
300929,华骐环保,环保
300961,深水海纳,环保
300190,维尔利,环保
688057,金达莱,环保
002887,绿茵生态,环保
600133,东湖高新,环保
000605,渤海股份,环保
688565,力源科技,环保
300172,中电环保,环保
300774,倍杰特,环保
603686,福龙马,环保
600008,首创环保,环保
603817,海峡环保,环保
300388,节能国祯,环保
003027,同兴科技,环保
603797,联泰环保,环保
603200,上海洗霸,环保
000068,华控赛格,环保
601158,重庆水务,环保
002778,中晟高科,环保
688101,三达膜,环保
301148,嘉戎技术,环保
600796,钱江生化,环保
301203,国泰环保,环保
000544,中原环保,环保
600461,洪城环境,环保
600168,武汉控股,环保
688096,京源环保,环保
300664,鹏鹞环保,环保
601199,江南水务,环保
300425,中建环能,环保
601368,绿城水务,环保
000685,中山公用,环保
000598,兴蓉环境,环保
300070,碧水源,环保
300899,*ST凯鑫,环保
600283,钱江水利,环保
600292,电投水电,环保
300437,清水源,环保
920263,中航泰达,环保
301127,武汉天源,环保
003039,顺控发展,环保
600874,创业环保,环保
605069,正和生态,环保
300266,兴源环境,环保
300422,博世科,环保
603759,海天股份,环保
300187,永清环保,环保
603315,福鞍股份,环保
605081,*ST太和,环保
600187,国中水务,环保
300843,胜蓝股份,消费电子零部件及组装
603629,利通电子,消费电子零部件及组装
300136,信维通信,消费电子零部件及组装
301326,捷邦科技,消费电子零部件及组装
603626,科森科技,消费电子零部件及组装
300115,长盈精密,消费电子零部件及组装
002947,恒铭达,消费电子零部件及组装
301626,苏州天脉,消费电子零部件及组装
688210,统联精密,消费电子零部件及组装
301086,鸿富瀚,消费电子零部件及组装
300822,贝仕达克,消费电子零部件及组装
300916,朗特智能,消费电子零部件及组装
002655,共达电声,消费电子零部件及组装
300868,杰美特,消费电子零部件及组装
301387,光大同创,消费电子零部件及组装
603380,易德龙,消费电子零部件及组装
301329,信音电子,消费电子零部件及组装
300787,海能实业,消费电子零部件及组装
688678,福立旺,消费电子零部件及组装
603341,龙旗科技,消费电子零部件及组装
301567,贝隆精密,消费电子零部件及组装
002855,捷荣技术,消费电子零部件及组装
300951,博硕科技,消费电子零部件及组装
002681,奋达科技,消费电子零部件及组装
301123,奕东电子,消费电子零部件及组装
603633,徕木股份,消费电子零部件及组装
300784,利安科技,消费电子零部件及组装
001314,亿道信息,消费电子零部件及组装
002925,盈趣科技,消费电子零部件及组装
300976,达瑞电子,消费电子零部件及组装
603296,华勤技术,消费电子零部件及组装
301491,汉桑科技,消费电子零部件及组装
300968,格林精密,消费电子零部件及组装
300956,英力股份,消费电子零部件及组装
300647,超频三,消费电子零部件及组装
920005,鼎佳精密,消费电子零部件及组装
920346,威贸电子,消费电子零部件及组装
002861,瀛通通讯,消费电子零部件及组装
600203,福日电子,消费电子零部件及组装
002369,卓翼科技,消费电子零部件及组装
600130,波导股份,消费电子零部件及组装
300256,星星科技,消费电子零部件及组装
301383,天键股份,消费电子零部件及组装
920267,鑫汇科,消费电子零部件及组装
688260,昀冢科技,消费电子零部件及组装
002600,领益智造,消费电子零部件及组装
920701,豪声电子,消费电子零部件及组装
002660,茂硕电源,消费电子零部件及组装
002426,胜利精密,消费电子零部件及组装
301285,鸿日达,消费电子零部件及组装
000021,深科技,消费电子零部件及组装
920876,慧为智能,消费电子零部件及组装
301486,致尚科技,消费电子零部件及组装
605277,新亚电子,消费电子零部件及组装
300812,易天股份,消费电子零部件及组装
300709,精研科技,消费电子零部件及组装
002635,安洁科技,消费电子零部件及组装
300433,蓝思科技,消费电子零部件及组装
300679,电连技术,消费电子零部件及组装
301051,信濠光电,消费电子零部件及组装
002055,ST得润,消费电子零部件及组装
300793,佳禾智能,消费电子零部件及组装
002241,歌尔股份,消费电子零部件及组装
920857,泓禧科技,消费电子零部件及组装
300032,金龙机电,消费电子零部件及组装
300322,硕贝德,消费电子零部件及组装
300735,光弘科技,消费电子零部件及组装
002993,奥海科技,消费电子零部件及组装
603327,福蓉科技,消费电子零部件及组装
920212,智新电子,消费电子零部件及组装
002139,拓邦股份,消费电子零部件及组装
002866,传艺科技,消费电子零部件及组装
300686,智动力,消费电子零部件及组装
002475,立讯精密,消费电子零部件及组装
300602,飞荣达,消费电子零部件及组装
920357,雅葆轩,消费电子零部件及组装
301067,显盈科技,消费电子零部件及组装
603595,ST东尼,消费电子零部件及组装
603890,春秋电子,消费电子零部件及组装
301180,万祥科技,消费电子零部件及组装
301389,隆扬电子,消费电子零部件及组装
300857,协创数据,消费电子零部件及组装
002981,朝阳科技,消费电子零部件及组装
601138,工业富联,消费电子零部件及组装
603052,可川科技,消费电子零部件及组装
601231,环旭电子,消费电子零部件及组装
600363,联创光电,消费电子零部件及组装
000007,全新好,商贸零售
601086,国芳集团,商贸零售
002640,跨境通,商贸零售
002277,友阿股份,商贸零售
600743,华远控股,商贸零售
600857,宁波中百,商贸零售
601828,美凯龙,商贸零售
600865,百大集团,商贸零售
600280,中央商场,商贸零售
600790,轻纺城,商贸零售
603682,锦和商管,商贸零售
600327,大东方,商贸零售
000679,大连友谊,商贸零售
002803,吉宏股份,商贸零售
600712,南宁百货,商贸零售
600628,新世界,商贸零售
600814,杭州解百,商贸零售
000882,华联股份,商贸零售
300947,德必集团,商贸零售
000058,深 赛 格,商贸零售
301558,三态股份,商贸零售
000564,供销大集,商贸零售
002187,广百股份,商贸零售
002561,徐家汇,商贸零售
002419,天虹股份,商贸零售
002315,焦点科技,商贸零售
300464,星徽股份,商贸零售
200058,深赛格B,商贸零售
002344,海宁皮城,商贸零售
000501,武商集团,商贸零售
600828,茂业商业,商贸零售
600655,豫园股份,商贸零售
600738,丽尚国潮,商贸零售
300592,华凯易佰,商贸零售
600859,王府井,商贸零售
002818,富森美,商贸零售
301381,赛维时代,商贸零售
000061,农 产 品,商贸零售
600113,浙江东日,商贸零售
600693,东百集团,商贸零售
000785,居然智家,商贸零售
600605,XD汇通能,商贸零售
600415,小商品城,商贸零售
000715,中兴商业,商贸零售
603698,航天工程,能源及重型设备
601106,中国一重,能源及重型设备
002353,杰瑞股份,能源及重型设备
603800,洪田股份,能源及重型设备
002730,电光科技,能源及重型设备
603135,中重科技,能源及重型设备
001277,速达股份,能源及重型设备
300084,海默科技,能源及重型设备
601399,国机重装,能源及重型设备
300099,尤洛卡,能源及重型设备
601798,蓝科高新,能源及重型设备
300095,华伍股份,能源及重型设备
601608,中信重工,能源及重型设备
920158,长江能科,能源及重型设备
688377,迪威尔,能源及重型设备
001288,运机集团,能源及重型设备
603169,兰石重装,能源及重型设备
002523,天桥起重,能源及重型设备
001225,和泰机电,能源及重型设备
600262,北方股份,能源及重型设备
920931,无锡鼎邦,能源及重型设备
002490,山东墨龙,能源及重型设备
600560,金自天正,能源及重型设备
001360,南矿集团,能源及重型设备
600320,振华重工,能源及重型设备
000852,石化机械,能源及重型设备
600980,北矿科技,能源及重型设备
688420,美腾科技,能源及重型设备
300950,德固特,能源及重型设备
300092,科新机电,能源及重型设备
002278,神开股份,能源及重型设备
900947,振华Ｂ股,能源及重型设备
301063,海锅股份,能源及重型设备
002483,润邦股份,能源及重型设备
002204,大连重工,能源及重型设备
920781,瑞奇智造,能源及重型设备
600169,ST太重,能源及重型设备
300865,大宏立,能源及重型设备
603325,博隆技术,能源及重型设备
603173,福斯达,能源及重型设备
002535,林州重机,能源及重型设备
600582,天地科技,能源及重型设备
603966,法兰泰克,能源及重型设备
603012,创力集团,能源及重型设备
920703,广厦环能,能源及重型设备
603036,如通股份,能源及重型设备
688633,星球石墨,能源及重型设备
300837,浙矿股份,能源及重型设备
600397,江钨装备,能源及重型设备
002526,山东矿机,能源及重型设备
300480,光力科技,能源及重型设备
301601,惠通科技,能源及重型设备
301158,德石股份,能源及重型设备
601369,陕鼓动力,能源及重型设备
001332,锡装股份,能源及重型设备
002564,天沃科技,能源及重型设备
603391,力聚热能,能源及重型设备
002691,*ST冀凯,能源及重型设备
601717,中创智领,能源及重型设备
688121,卓然股份,能源及重型设备
002667,威领股份,能源及重型设备
301362,民爆光电,照明设备Ⅱ
002638,勤上股份,照明设备Ⅱ
002723,小崧股份,照明设备Ⅱ
603303,得邦照明,照明设备Ⅱ
605365,立达信,照明设备Ⅱ
920339,恒太照明,照明设备Ⅱ
000541,佛山照明,照明设备Ⅱ
300625,三雄极光,照明设备Ⅱ
001326,联域股份,照明设备Ⅱ
200541,粤照明Ｂ,照明设备Ⅱ
920641,格利尔,照明设备Ⅱ
603515,欧普照明,照明设备Ⅱ
002724,海洋王,照明设备Ⅱ
002076,*ST星光,照明设备Ⅱ
600261,阳光照明,照明设备Ⅱ
002842,翔鹭钨业,小金属
600111,北方稀土,小金属
002378,章源钨业,小金属
000657,中钨高新,小金属
000831,中国稀土,小金属
600392,盛和资源,小金属
600259,中稀有色,小金属
600549,厦门钨业,小金属
002158,汉钟精机,制冷空调设备
301043,绿岛风,制冷空调设备
600202,哈空调,制冷空调设备
000811,冰轮环境,制冷空调设备
603912,佳力图,制冷空调设备
301525,儒竞科技,制冷空调设备
920124,南特科技,制冷空调设备
603339,四方科技,制冷空调设备
000530,冰山冷热,制冷空调设备
002639,雪人集团,制冷空调设备
301018,申菱环境,制冷空调设备
200530,冰山B,制冷空调设备
603277,银都股份,制冷空调设备
301272,英华特,制冷空调设备
002686,亿利达,制冷空调设备
301399,英特科技,制冷空调设备
301070,开勒股份,制冷空调设备
603187,海容冷链,制冷空调设备
300990,同飞股份,制冷空调设备
300021,大禹节水,农业综合Ⅱ
002556,辉隆股份,农业综合Ⅱ
920964,润农节水,农业综合Ⅱ
605188,国光连锁,超市
601933,永辉超市,超市
002697,红旗连锁,超市
002251,步步高,超市
603708,家家悦,超市
000759,中百集团,超市
601116,三江购物,超市
900923,百联Ｂ股,多业态零售
600697,欧亚集团,多业态零售
000417,合百集团,多业态零售
600778,友好集团,多业态零售
000419,通程控股,多业态零售
600824,益民集团,多业态零售
600827,百联股份,多业态零售
603101,汇嘉时代,多业态零售
600838,上海九百,多业态零售
600858,银座股份,多业态零售
600694,大商股份,多业态零售
002356,赫美集团,多业态零售
601366,利群股份,多业态零售
600785,新华百货,多业态零售
600729,重庆百货,多业态零售
601010,ST文峰,多业态零售
002081,金 螳 螂,建筑装饰
002989,中天精装,建筑装饰
000628,高新发展,建筑装饰
603030,全筑股份,建筑装饰
603153,上海建科,建筑装饰
603828,*ST利达,建筑装饰
002856,*ST美芝,建筑装饰
300778,新城市,建筑装饰
002713,*ST东易,建筑装饰
300977,深圳瑞捷,建筑装饰
002789,*ST建艺,建筑装饰
920427,华维设计,建筑装饰
301136,招标股份,建筑装饰
601886,XD江河集,建筑装饰
600939,重庆建工,建筑装饰
603018,华设集团,建筑装饰
300635,中达安,建筑装饰
300732,设研院,建筑装饰
301024,霍普股份,建筑装饰
002163,海南发展,建筑装饰
301390,经纬股份,建筑装饰
002811,郑中设计,建筑装饰
600629,华建集团,建筑装饰
300500,启迪设计,建筑装饰
301505,苏州规划,建筑装饰
301167,建研设计,建筑装饰
920149,旭杰科技,建筑装饰
600234,科新发展,建筑装饰
300983,尤安设计,建筑装饰
300675,建科院,建筑装饰
920003,中诚咨询,建筑装饰
300621,维业股份,建筑装饰
300826,测绘股份,建筑装饰
600170,上海建工,建筑装饰
002830,名雕股份,建筑装饰
300989,蕾奥规划,建筑装饰
300844,山水比德,建筑装饰
603017,中衡设计,建筑装饰
300284,苏交科,建筑装饰
002482,广田集团,建筑装饰
000779,甘咨询,建筑装饰
002375,亚厦股份,建筑装饰
920208,青矩技术,建筑装饰
002761,浙江建投,建筑装饰
601668,中国建筑,建筑装饰
603860,中公高科,建筑装饰
603458,勘设股份,建筑装饰
003013,地铁设计,建筑装饰
002949,华阳国际,建筑装饰
301038,深水规院,建筑装饰
603137,恒尚节能,建筑装饰
301058,中粮科工,建筑装饰
600667,太极实业,建筑装饰
300564,筑博设计,建筑装饰
605287,德才股份,建筑装饰
301091,深城交,建筑装饰
603909,建发合诚,建筑装饰
300492,华图山鼎,建筑装饰
300746,汉嘉数智,建筑装饰
920873,中设咨询,建筑装饰
600248,陕建股份,建筑装饰
002822,ST中装,建筑装饰
301027,华蓝集团,建筑装饰
002963,豪尔赛,建筑装饰
920892,广咨国际,建筑装饰
603257,中国瑞林,建筑装饰
301365,矩阵股份,建筑装饰
002047,*ST宝鹰,建筑装饰
600720,中交设计,建筑装饰
600846,同济科技,建筑装饰
601789,宁波建工,建筑装饰
300506,ST名家汇,建筑装饰
002620,*ST瑞和,建筑装饰
603357,设计总院,建筑装饰
300668,杰恩股份,建筑装饰
600491,龙元建设,建筑装饰
600193,*ST创兴,建筑装饰
002883,中设股份,建筑装饰
603711,香飘飘,食品饮料
002329,皇氏集团,食品饮料
300106,西部牧业,食品饮料
600300,维维股份,食品饮料
600530,交大昂立,食品饮料
600381,*ST春天,食品饮料
603156,养元饮品,食品饮料
600429,三元股份,食品饮料
603057,紫燕食品,食品饮料
002695,煌上煌,食品饮料
600887,伊利股份,食品饮料
605388,均瑶健康,食品饮料
002910,庄园牧场,食品饮料
002570,贝因美,食品饮料
600882,妙可蓝多,食品饮料
300915,海融科技,食品饮料
603102,百合股份,食品饮料
002946,新乳业,食品饮料
603262,技源集团,食品饮料
920429,康比特,食品饮料
300892,品渥食品,食品饮料
001318,阳光乳业,食品饮料
920786,骑士乳业,食品饮料
300791,仙乐健康,食品饮料
605179,一鸣食品,食品饮料
605300,佳禾食品,食品饮料
605337,李子园,食品饮料
600419,天润乳业,食品饮料
300997,欢乐家,食品饮料
000848,承德露露,食品饮料
002732,燕塘乳业,食品饮料
300898,熊猫乳品,食品饮料
300146,汤臣倍健,食品饮料
603517,ST绝味,食品饮料
600597,光明乳业,食品饮料
600189,泉阳泉,食品饮料
605499,东鹏饮料,食品饮料
002626,金达威,食品饮料
000639,ST西王,食品饮料
603779,威龙股份,非白酒
002568,百润股份,非白酒
600238,*ST椰岛,非白酒
000869,张  裕Ａ,非白酒
200869,张  裕Ｂ,非白酒
600059,古越龙山,非白酒
600616,金枫酒业,非白酒
601579,会稽山,非白酒
600543,*ST莫高,非白酒
600084,*ST尼雅,非白酒
002519,银河电子,地面兵装Ⅱ
000519,中兵红箭,地面兵装Ⅱ
300875,捷强装备,地面兵装Ⅱ
600435,北方导航,地面兵装Ⅱ
300922,天秦装备,地面兵装Ⅱ
301357,北方长龙,地面兵装Ⅱ
601606,长城军工,地面兵装Ⅱ
600967,内蒙一机,地面兵装Ⅱ
300527,ST应急,地面兵装Ⅱ
688543,国科军工,地面兵装Ⅱ
600184,光电股份,地面兵装Ⅱ
000576,甘化科工,地面兵装Ⅱ
001316,润贝航科,石油石化
600688,上海石化,石油石化
000703,恒逸石化,石油石化
002493,荣盛石化,石油石化
600256,广汇能源,石油石化
000059,华锦股份,石油石化
000554,泰山石油,石油石化
600506,统一股份,石油石化
000301,东方盛虹,石油石化
000159,国际实业,石油石化
000096,广聚能源,石油石化
601857,中国石油,石油石化
000698,ST沈化,石油石化
600028,中国石化,石油石化
600346,恒力石化,石油石化
603223,恒通股份,石油石化
603353,和顺石油,石油石化
000829,天音控股,专业连锁Ⅲ
603214,爱婴室,专业连锁Ⅲ
002416,爱施德,专业连锁Ⅲ
301078,孩子王,专业连锁Ⅲ
300622,博士眼镜,专业连锁Ⅲ
300755,华致酒行,专业连锁Ⅲ
300022,吉峰科技,专业连锁Ⅲ
603777,来伊份,零食
300972,万辰集团,零食
002582,好想你,零食
002557,洽洽食品,零食
603697,有友食品,零食
002991,甘源食品,零食
003000,劲仔食品,零食
603719,良品铺子,零食
000716,黑芝麻,零食
300783,三只松鼠,零食
002847,盐津铺子,零食
001215,千味央厨,预加工食品
002702,海欣食品,预加工食品
605567,春雪食品,预加工食品
603536,惠发食品,预加工食品
603345,安井食品,预加工食品
605338,巴比食品,预加工食品
002216,三全食品,预加工食品
920826,盖世食品,预加工食品
002661,克明食品,预加工食品
603237,五芳斋,预加工食品
605089,味知香,预加工食品
600335,国机汽车,汽车服务
600653,申华控股,汽车服务
600822,上海物贸,汽车服务
920030,德众汽车,汽车服务
600386,北巴传媒,汽车服务
900927,物贸Ｂ股,汽车服务
600201,生物股份,动物保健Ⅲ
920275,驱动力,动物保健Ⅲ
920970,大禹生物,动物保健Ⅲ
920729,永顺生物,动物保健Ⅲ
002868,*ST绿康,动物保健Ⅲ
002688,金河生物,动物保健Ⅲ
603566,普莱柯,动物保健Ⅲ
300119,瑞普生物,动物保健Ⅲ
600195,中牧股份,动物保健Ⅲ
688098,申联生物,动物保健Ⅲ
002141,贤丰控股,动物保健Ⅲ
300871,回盛生物,动物保健Ⅲ
688526,科前生物,动物保健Ⅲ
000783,长江证券,非银金融
600906,财达证券,非银金融
601066,中信建投,非银金融
601788,光大证券,非银金融
000712,锦龙股份,非银金融
601377,兴业证券,非银金融
600155,华创云信,非银金融
002797,第一创业,非银金融
002945,华林证券,非银金融
601696,中银证券,非银金融
000750,国海证券,非银金融
601198,东兴证券,非银金融
601375,中原证券,非银金融
601059,信达证券,非银金融
601108,财通证券,非银金融
000686,东北证券,非银金融
601990,南京证券,非银金融
002500,山西证券,非银金融
300059,东方财富,非银金融
600369,西南证券,非银金融
601901,方正证券,非银金融
002673,西部证券,非银金融
600909,华安证券,非银金融
600095,湘财股份,非银金融
600918,中泰证券,非银金融
600999,招商证券,非银金融
002670,国盛证券,非银金融
601456,国联民生,非银金融
000166,申万宏源,非银金融
601878,浙商证券,非银金融
601211,国泰海通,非银金融
002926,华西证券,非银金融
000728,国元证券,非银金融
600109,国金证券,非银金融
000776,广发证券,非银金融
600030,中信证券,非银金融
601099,太平洋,非银金融
601995,中金公司,非银金融
601688,华泰证券,非银金融
601555,东吴证券,非银金融
600621,华鑫股份,非银金融
601136,首创证券,非银金融
002939,长城证券,非银金融
601881,中国银河,非银金融
600864,哈投股份,非银金融
601236,红塔证券,非银金融
601162,天风证券,非银金融
002736,国信证券,非银金融
600958,东方证券,非银金融
920765,美之高,定制家居
002631,德尔未来,定制家居
603898,好莱客,定制家居
002853,皮阿诺,定制家居
603208,江山欧派,定制家居
300749,顶固集创,定制家居
603216,梦天家居,定制家居
920445,龙竹科技,定制家居
301227,森鹰窗业,定制家居
603801,志邦家居,定制家居
603180,金牌家居,定制家居
603326,我乐家居,定制家居
300616,尚品宅配,定制家居
603833,欧派家居,定制家居
002572,索菲亚,定制家居
605268,王力安防,定制家居
301246,宏源药业,医药生物
688189,南新制药,医药生物
000790,华神科技,医药生物
688302,海创药业-U,医药生物
300558,贝达药业,医药生物
688166,博瑞医药,医药生物
300966,共同药业,医药生物
300147,*ST香雪,医药生物
603567,珍宝岛,医药生物
002737,葵花药业,医药生物
002653,海思科,医药生物
300254,仟源医药,医药生物
688321,微芯生物,医药生物
600624,ST复华,医药生物
688382,益方生物-U,医药生物
002755,奥赛康,医药生物
300723,一品红,医药生物
600513,联环药业,医药生物
300878,维康药业,医药生物
688505,复旦张江,医药生物
300267,尔康制药,医药生物
920946,森萱医药,医药生物
688062,迈威生物-U,医药生物
002365,永安药业,医药生物
688266,泽璟制药-U,医药生物
000766,通化金马,医药生物
688759,必贝特-U,医药生物
920017,星昊医药,医药生物
600436,片仔癀,医药生物
002349,精华制药,医药生物
002873,新天药业,医药生物
301301,川宁生物,医药生物
002793,罗欣药业,医药生物
300086,康芝药业,医药生物
301075,多瑞医药,医药生物
688553,汇宇制药-W,医药生物
600351,亚宝药业,医药生物
688192,迪哲医药-U,医药生物
002644,佛慈制药,医药生物
603229,奥翔药业,医药生物
300583,赛托生物,医药生物
600521,华海药业,医药生物
920433,大唐药业,医药生物
688076,ST诺泰,医药生物
688658,悦康药业,医药生物
002370,亚太药业,医药生物
000952,广济药业,医药生物
600329,达仁堂,医药生物
301130,西点药业,医药生物
688247,宣泰医药,医药生物
603520,司太立,医药生物
002817,黄山胶囊,医药生物
920735,德源药业,医药生物
300765,新诺威,医药生物
301089,拓新药业,医药生物
600085,同仁堂,医药生物
002422,科伦药业,医药生物
600671,天目药业,医药生物
920656,海昇药业,医药生物
301111,粤万年青,医药生物
920566,梓橦宫,医药生物
300434,金石亚药,医药生物
000915,华特达因,医药生物
000623,吉林敖东,医药生物
000953,河化股份,医药生物
688513,苑东生物,医药生物
000919,金陵药业,医药生物
002399,海普瑞,医药生物
688373,盟科药业-U,医药生物
688799,华纳药厂,医药生物
000566,海南海药,医药生物
688176,亚虹医药-U,医药生物
301507,民生健康,医药生物
300519,新光药业,医药生物
688091,上海谊众,医药生物
301263,泰恩康,医药生物
300636,同和药业,医药生物
603439,三力制药,医药生物
301277,新天地,医药生物
600566,济川药业,医药生物
688197,首药控股-U,医药生物
002275,桂林三金,医药生物
000813,德展健康,医药生物
920367,新赣江,医药生物
000590,古汉医药,医药生物
301331,恩威医药,医药生物
300111,向日葵,医药生物
920266,生物谷,医药生物
601089,福元医药,医药生物
002566,益盛药业,医药生物
300436,广生堂,医药生物
002603,以岭药业,医药生物
603351,威尔药业,医药生物
301258,富士莱,医药生物
000423,东阿阿胶,医药生物
301211,亨迪药业,医药生物
300255,常山药业,医药生物
600774,汉商集团,医药生物
600572,康恩贝,医药生物
000931,中 关 村,医药生物
600613,神奇制药,医药生物
002907,华森制药,医药生物
688566,吉贝尔,医药生物
603998,方盛制药,医药生物
002900,哈三联,医药生物
603896,寿仙谷,医药生物
002262,恩华药业,医药生物
603207,小方制药,医药生物
000538,云南白药,医药生物
002728,特一药业,医药生物
300110,华仁药业,医药生物
300452,山河药辅,医药生物
300534,陇神戎发,医药生物
600129,太极集团,医药生物
600422,昆药集团,医药生物
603168,莎普爱思,医药生物
603676,卫信康,医药生物
900904,神奇B股,医药生物
001367,海森药业,医药生物
002826,易明医药,医药生物
600420,国药现代,医药生物
002317,众生药业,医药生物
000650,仁和药业,医药生物
002004,华邦健康,医药生物
002864,盘龙药业,医药生物
300194,福安药业,医药生物
600789,鲁抗医药,医药生物
688602,康鹏科技,医药生物
600750,华润江中,医药生物
002287,奇正藏药,医药生物
002412,汉森制药,医药生物
300026,红日药业,医药生物
605199,ST葫芦娃,医药生物
000153,丰原药业,医药生物
600993,马应龙,医药生物
300158,振东制药,医药生物
002693,*ST双成,医药生物
002872,ST天圣,医药生物
600535,天士力,医药生物
002923,润都股份,医药生物
002332,仙琚制药,医药生物
301281,科源制药,医药生物
002019,亿帆医药,医药生物
600479,千金药业,医药生物
000513,丽珠集团,医药生物
688428,诺诚健华,医药生物
300381,溢多利,医药生物
920478,峆一药业,医药生物
000963,华东医药,医药生物
000999,华润三九,医药生物
600851,海欣股份,医药生物
000597,东北制药,医药生物
600062,华润双鹤,医药生物
688235,百济神州,医药生物
301065,本立科技,医药生物
002393,力生制药,医药生物
300039,上海凯宝,医药生物
603367,辰欣药业,医药生物
003020,立方制药,医药生物
300705,九典制药,医药生物
900917,海欣Ｂ股,医药生物
300233,金城医药,医药生物
300006,莱美药业,医药生物
300204,舒泰神,医药生物
688690,纳微科技,医药生物
688221,前沿生物-U,医药生物
605177,东亚药业,医药生物
600771,广誉远,医药生物
600285,羚锐制药,医药生物
000989,九芝堂,医药生物
600332,白云山,医药生物
002424,ST百灵,医药生物
603811,诚意药业,医药生物
920230,欧康医药,医药生物
300702,天宇股份,医药生物
688578,艾力斯,医药生物
002020,京新药业,医药生物
000739,普洛药业,医药生物
600216,浙江医药,医药生物
600976,健民集团,医药生物
300199,翰宇药业,医药生物
600812,华北制药,医药生物
600518,康美药业,医药生物
002294,信立泰,医药生物
300401,花园生物,医药生物
605507,国邦医药,医药生物
000756,新华制药,医药生物
002550,千红制药,医药生物
300573,兴齐眼药,医药生物
603139,康惠股份,医药生物
600267,海正药业,医药生物
300181,佐力药业,医药生物
603858,步长制药,医药生物
600380,健康元,医药生物
603669,灵康药业,医药生物
600196,复星医药,医药生物
600252,中恒集团,医药生物
300016,北陆药业,医药生物
600594,益佰制药,医药生物
600079,ST人福,医药生物
605116,奥锐特,医药生物
688356,键凯科技,医药生物
600276,恒瑞医药,医药生物
000788,北大医药,医药生物
688758,赛分科技,医药生物
300584,海辰药业,医药生物
002675,东诚药业,医药生物
300497,富祥药业,医药生物
600664,哈药股份,医药生物
600488,津药药业,医药生物
603707,健友股份,医药生物
002437,誉衡药业,医药生物
002107,沃华医药,医药生物
002940,昂利康,医药生物
600222,太龙药业,医药生物
600557,康缘药业,医药生物
000908,ST景峰,医药生物
002099,海翔药业,医药生物
002038,双鹭药业,医药生物
603538,美诺华,医药生物
600080,ST金花,医药生物
002102,ST能特,医药生物
002898,*ST赛隆,医药生物
002742,*ST三圣,医药生物
002198,嘉应制药,医药生物
002082,万邦德,医药生物
003033,征和工业,摩托车及其他
301345,涛涛车业,摩托车及其他
603787,新日股份,摩托车及其他
920058,华洋赛车,摩托车及其他
603776,永安行,摩托车及其他
601777,千里科技,摩托车及其他
603766,隆鑫通用,摩托车及其他
603129,春风动力,摩托车及其他
000913,钱江摩托,摩托车及其他
688253,英诺特,医疗器械
603387,基蛋生物,医疗器械
603880,南卫股份,医疗器械
301188,力诺药包,医疗器械
688613,奥精医疗,医疗器械
605369,拱东医疗,医疗器械
688016,心脉医疗,医疗器械
300326,ST凯利,医疗器械
688351,微电生理,医疗器械
300406,九强生物,医疗器械
002901,大博医疗,医疗器械
603301,振德医疗,医疗器械
603222,济民健康,医疗器械
600807,济高发展,医疗器械
301234,五洲医疗,医疗器械
688426,康为世纪,医疗器械
688108,赛诺医疗,医疗器械
688067,爱威科技,医疗器械
688217,睿昂基因,医疗器械
002382,蓝帆医疗,医疗器械
688656,浩欧博,医疗器械
688399,硕世生物,医疗器械
688576,西山科技,医疗器械
301093,华兰股份,医疗器械
688068,热景生物,医疗器械
688029,南微医学,医疗器械
920050,爱舍伦,医疗器械
301097,天益医疗,医疗器械
301122,采纳股份,医疗器械
688085,三友医疗,医疗器械
688468,科美诊断,医疗器械
688393,安必平,医疗器械
002086,东方海洋,医疗器械
920180,爱得科技,医疗器械
300595,欧普康视,医疗器械
688151,华强科技,医疗器械
920069,普昂医疗,医疗器械
688050,爱博医疗,医疗器械
688198,佰仁医疗,医疗器械
688298,东方生物,医疗器械
002022,科华生物,医疗器械
301370,国科恒泰,医疗器械
002932,*ST明德,医疗器械
920166,海圣医疗,医疗器械
688389,普门科技,医疗器械
300642,透景生命,医疗器械
300942,易瑞生物,医疗器械
300439,美康生物,医疗器械
688366,昊海生科,医疗器械
603976,正川股份,医疗器械
300529,健帆生物,医疗器械
002030,达安基因,医疗器械
603987,康德莱,医疗器械
603014,威高血净,医疗器械
688314,康拓医疗,医疗器械
300832,新产业,医疗器械
002950,奥美医疗,医疗器械
603309,维力医疗,医疗器械
688075,安旭生物,医疗器械
688338,赛科希德,医疗器械
301087,可孚医疗,医疗器械
300003,乐普医疗,医疗器械
300289,利德曼,医疗器械
600529,山东药玻,医疗器械
300463,迈克生物,医疗器械
603658,安图生物,医疗器械
300639,凯普生物,医疗器械
301033,迈普医学,医疗器械
300677,英科医疗,医疗器械
688606,奥泰生物,医疗器械
300653,正海生物,医疗器械
300685,艾德生物,医疗器械
300238,冠昊生物,医疗器械
688289,圣湘生物,医疗器械
920009,丹娜生物,医疗器械
688193,仁度生物,医疗器械
300981,中红医疗,医疗器械
600538,国发股份,医疗器械
300482,万孚生物,医疗器械
688317,之江生物,医疗器械
688617,惠泰医疗,医疗器械
300453,三鑫医疗,医疗器械
002432,九安医疗,医疗器械
603205,健尔康,医疗器械
688026,洁特生物,医疗器械
688013,天臣医疗,医疗器械
301580,爱迪特,医疗器械
688767,博拓生物,医疗器械
688581,安杰思,医疗器械
688575,亚辉龙,医疗器械
688161,威高骨科,医疗器械
688236,春立医疗,医疗器械
603718,海利生物,医疗器械
300396,迪瑞医疗,医疗器械
002840,华统股份,肉制品
002515,金字火腿,肉制品
000895,双汇发展,肉制品
002330,得利斯,肉制品
000529,广弘控股,肉制品
600073,光明肉业,肉制品
002726,ST龙大,肉制品
600158,中体产业,社会服务
688757,胜科纳米,社会服务
300572,安车检测,社会服务
600730,*ST高科,社会服务
000526,学大教育,社会服务
300938,信测标准,社会服务
301115,联检科技,社会服务
301169,零点有数,社会服务
920160,北矿检测,社会服务
002607,中公教育,社会服务
002858,力盛体育,社会服务
003008,开普检测,社会服务
300887,谱尼测试,社会服务
002659,凯文教育,社会服务
603183,建研院,社会服务
920039,国义招标,社会服务
920122,中纺标,社会服务
300192,科德教育,社会服务
300416,苏试试验,社会服务
600661,昂立教育,社会服务
301632,广东建科,社会服务
920753,天纺标,社会服务
300359,全通教育,社会服务
301289,国缆检测,社会服务
300688,创业黑马,社会服务
300338,*ST开元,社会服务
300797,钢研纳克,社会服务
600880,博瑞传播,社会服务
601965,中国汽研,社会服务
603377,ST东时,社会服务
603373,安邦护卫,社会服务
301508,中机认检,社会服务
300012,华测检测,社会服务
300962,中金辐照,社会服务
002057,中钢天源,社会服务
300215,电科院,社会服务
688334,西高院,社会服务
003032,*ST传智,社会服务
002967,广电计量,社会服务
301449,天溯计量,社会服务
002093,国脉科技,社会服务
605098,行动教育,社会服务
603060,国检集团,社会服务
301228,实朴检测,社会服务
600636,*ST国化,社会服务
300010,豆神教育,社会服务
603579,荣泰健康,其他家电Ⅱ
002614,奥佳华,其他家电Ⅱ
300247,融捷健康,其他家电Ⅱ
000972,*ST中基,农产品加工
920023,*ST田野,农产品加工
600251,冠农股份,农产品加工
600962,国投中鲁,农产品加工
605198,安德利,农产品加工
300175,ST朗源,农产品加工
300210,森远股份,环保设备Ⅱ
002645,华宏科技,环保设备Ⅱ
688309,恒誉环保,环保设备Ⅱ
000551,创元科技,环保设备Ⅱ
688671,碧兴物联,环保设备Ⅱ
603324,盛剑科技,环保设备Ⅱ
300786,国林科技,环保设备Ⅱ
300800,力合科技,环保设备Ⅱ
300631,久吾高科,环保设备Ⅱ
688600,皖仪科技,环保设备Ⅱ
688376,美埃科技,环保设备Ⅱ
688501,青达环保,环保设备Ⅱ
920145,恒合股份,环保设备Ⅱ
603126,中材节能,环保设备Ⅱ
001336,楚环科技,环保设备Ⅱ
600817,宇通重工,环保设备Ⅱ
300137,先河环保,环保设备Ⅱ
600388,龙净环保,环保设备Ⅱ
301288,*ST清研,环保设备Ⅱ
002658,雪迪龙,环保设备Ⅱ
301081,严牌股份,环保设备Ⅱ
600526,菲达环保,环保设备Ⅱ
000820,*ST节能,环保设备Ⅱ
000967,盈峰环境,环保设备Ⅱ
000890,法尔胜,环保设备Ⅱ
603282,亚光股份,环保设备Ⅱ
301030,仕净科技,环保设备Ⅱ
002929,润建股份,通信
603559,ST通脉,通信
300571,平治信息,通信
300050,世纪鼎利,通信
301382,蜂助手,通信
002316,亚联发展,通信
301139,元道通信,通信
300211,*ST亿通,通信
300578,会畅科技,通信
300513,恒实科技,通信
002544,普天科技,通信
300025,华星创业,通信
300560,中富通,通信
603322,超讯通信,通信
920924,广脉科技,通信
002467,二六三,通信
300597,吉大通信,通信
002148,北纬科技,通信
301380,挖金客,通信
300921,南凌科技,通信
300081,ST恒信,通信
301428,世纪恒通,通信
002123,梦网科技,通信
000839,国安股份,通信
300738,奥飞数据,通信
300959,线上线下,通信
603206,嘉环科技,通信
603881,数据港,通信
300310,宜通世纪,通信
300442,润泽科技,通信
300383,光环新网,通信
002115,三维通信,通信
300292,吴通控股,通信
603220,中贝通信,通信
300603,立昂技术,通信
600289,ST信通,通信
000889,中嘉博创,通信
002790,瑞尔特,卫浴制品
301575,艾芬达,卫浴制品
603385,惠达卫浴,卫浴制品
002084,海鸥住工,卫浴制品
001322,箭牌家居,卫浴制品
603408,建霖家居,卫浴制品
603992,松霖科技,卫浴制品
300632,光莆股份,光学光电子
688127,蓝特光学,光学光电子
301479,弘景光电,光学光电子
002654,万润科技,光学光电子
300323,华灿光电,光学光电子
301421,波长光电,光学光电子
002992,宝明科技,光学光电子
300162,雷曼光电,光学光电子
002587,奥拓电子,光学光电子
688378,奥来德,光学光电子
300489,光智科技,光学光电子
688195,腾景科技,光学光电子
300301,ST长方,光学光电子
603679,华体科技,光学光电子
300102,乾照光电,光学光电子
301183,东田微,光学光电子
688322,奥比中光-W,光学光电子
300752,隆利科技,光学光电子
001373,翔腾新材,光学光电子
603703,盛洋科技,光学光电子
300219,鸿利智汇,光学光电子
300701,森霸传感,光学光电子
300331,苏大维格,光学光电子
688010,福光股份,光学光电子
002449,国星光电,光学光电子
603297,永新光学,光学光电子
300269,联建光电,光学光电子
300566,激智科技,光学光电子
002745,木林森,光学光电子
300708,聚灿光电,光学光电子
688502,茂莱光学,光学光电子
002137,实益达,光学光电子
002222,福晶科技,光学光电子
002456,欧菲光,光学光电子
605588,冠石科技,光学光电子
002983,芯瑞达,光学光电子
300232,洲明科技,光学光电子
300296,利亚德,光学光电子
300889,爱克股份,光学光电子
002273,水晶光电,光学光电子
300241,瑞丰光电,光学光电子
002962,五方光电,光学光电子
003015,日久光电,光学光电子
600703,三安光电,光学光电子
300940,南极光,光学光电子
002036,联创电子,光学光电子
920438,戈碧迦,光学光电子
300389,艾比森,光学光电子
300303,聚飞光电,光学光电子
600071,凤凰光学,光学光电子
300582,英飞特,光学光电子
300808,久量股份,光学光电子
603685,晨丰科技,光学光电子
688079,美迪凯,光学光电子
002808,*ST恒久,光学光电子
688496,ST清越,光学光电子
002787,华源控股,金属包装
002701,奥瑞金,金属包装
002752,昇兴股份,金属包装
601968,宝钢包装,金属包装
002374,中锐股份,金属包装
002969,嘉美包装,金属包装
002846,英联股份,金属包装
688410,山外山,医疗设备
688607,康众医疗,医疗设备
688277,天智航-U,医疗设备
300246,宝莱特,医疗设备
301235,华康洁净,医疗设备
688358,祥生医疗,医疗设备
688301,奕瑞科技,医疗设备
300030,阳普医疗,医疗设备
300358,楚天科技,医疗设备
920278,鹿得医疗,医疗设备
688626,翔宇医疗,医疗设备
300206,理邦仪器,医疗设备
688580,伟思医疗,医疗设备
300753,爱朋医疗,医疗设备
688712,北芯生命,医疗设备
300869,康泰医学,医疗设备
920992,中科美菱,医疗设备
301363,美好医疗,医疗设备
600587,新华医疗,医疗设备
301290,东星医疗,医疗设备
300298,三诺生物,医疗设备
002551,尚荣医疗,医疗设备
300633,开立医疗,医疗设备
920504,博迅生物,医疗设备
920300,辰光医疗,医疗设备
688273,麦澜德,医疗设备
300760,迈瑞医疗,医疗设备
300049,福瑞医科,医疗设备
002223,鱼跃医疗,医疗设备
300171,东富龙,医疗设备
300314,戴维医疗,医疗设备
688677,海泰新光,医疗设备
301602,超研股份,医疗设备
301515,港通医疗,医疗设备
300562,乐心医疗,医疗设备
301367,瑞迈特,医疗设备
688271,联影医疗,医疗设备
688114,华大智造,医疗设备
688805,健信超导,医疗设备
688139,海尔生物,医疗设备
600055,万东医疗,医疗设备
688212,澳华内镜,医疗设备
920925,锦好医疗,医疗设备
920199,倍益康,小家电
688793,倍轻松,小家电
003023,彩虹集团,小家电
603868,飞科电器,小家电
000757,浩物股份,汽车综合服务
301215,中汽股份,汽车综合服务
600676,交运股份,汽车综合服务
300825,阿尔特,汽车综合服务
002820,桂发祥,烘焙食品
001219,青岛食品,烘焙食品
002956,西麦食品,烘焙食品
605339,南侨食品,烘焙食品
603886,元祖股份,烘焙食品
603866,桃李面包,烘焙食品
603043,广州酒家,烘焙食品
300973,立高食品,烘焙食品
002719,ST麦趣,烘焙食品
920027,交大铁发,轨交设备Ⅱ
301016,雷尔伟,轨交设备Ⅱ
688285,高铁电气,轨交设备Ⅱ
688015,交控科技,轨交设备Ⅱ
301048,金鹰重工,轨交设备Ⅱ
300923,研奥股份,轨交设备Ⅱ
300351,永贵电器,轨交设备Ⅱ
688485,九州一轨,轨交设备Ⅱ
605001,威奥股份,轨交设备Ⅱ
603500,祥和实业,轨交设备Ⅱ
300851,交大思诺,轨交设备Ⅱ
603111,康尼机电,轨交设备Ⅱ
601766,中国中车,轨交设备Ⅱ
300960,通业科技,轨交设备Ⅱ
603680,今创集团,轨交设备Ⅱ
688569,铁科轨道,轨交设备Ⅱ
300011,鼎汉技术,轨交设备Ⅱ
688367,工大高科,轨交设备Ⅱ
001324,长青科技,轨交设备Ⅱ
600495,晋西车轴,轨交设备Ⅱ
688459,哈铁科技,轨交设备Ⅱ
600458,时代新材,轨交设备Ⅱ
920541,铁大科技,轨交设备Ⅱ
688033,天宜新材,轨交设备Ⅱ
002972,科安达,轨交设备Ⅱ
000008,神州高铁,轨交设备Ⅱ
605298,必得科技,轨交设备Ⅱ
000927,中国铁物,轨交设备Ⅱ
688187,时代电气,轨交设备Ⅱ
688009,中国通号,轨交设备Ⅱ
000925,众合科技,轨交设备Ⅱ
300594,ST朗进,轨交设备Ⅱ
600573,惠泉啤酒,啤酒
000729,燕京啤酒,啤酒
002461,珠江啤酒,啤酒
000929,*ST兰黄,啤酒
600600,青岛啤酒,啤酒
000752,*ST西发,啤酒
600132,重庆啤酒,啤酒
601339,百隆东方,纺织制造
002394,联发股份,纺织制造
600493,凤竹纺织,纺织制造
603558,XD健盛集,纺织制造
002042,华孚时尚,纺织制造
000850,华茂股份,纺织制造
000726,鲁  泰Ａ,纺织制造
002083,孚日股份,纺织制造
200726,鲁  泰Ｂ,纺织制造
601233,桐昆股份,其他石化
300135,宝利国际,其他石化
300839,博汇股份,其他石化
300055,万邦达,其他石化
000637,茂化实华,其他石化
600800,渤海化学,其他石化
000985,大庆华科,其他石化
002476,宝莫股份,其他石化
000819,岳阳兴长,其他石化
002408,齐翔腾达,其他石化
002221,东华能源,其他石化
002377,国创高新,其他石化
603798,康普顿,其他石化
002986,宇新股份,其他石化
301316,慧博云通,IT服务Ⅱ
300609,汇纳科技,IT服务Ⅱ
688227,品高股份,IT服务Ⅱ
300264,佳创视讯,IT服务Ⅱ
688343,云天励飞-U,IT服务Ⅱ
600476,*ST湘邮,IT服务Ⅱ
688088,虹软科技,IT服务Ⅱ
300872,天阳科技,IT服务Ⅱ
920116,星图测控,IT服务Ⅱ
002609,捷顺科技,IT服务Ⅱ
002421,达实智能,IT服务Ⅱ
300448,浩云科技,IT服务Ⅱ
300168,万达信息,IT服务Ⅱ
600589,大位科技,IT服务Ⅱ
688568,中科星图,IT服务Ⅱ
300440,运达科技,IT服务Ⅱ
300044,*ST赛为,IT服务Ⅱ
002657,中科金财,IT服务Ⅱ
688251,井松智能,IT服务Ⅱ
688207,格灵深瞳,IT服务Ⅱ
300339,润和软件,IT服务Ⅱ
920171,志晟信息,IT服务Ⅱ
688039,当虹科技,IT服务Ⅱ
920493,并行科技,IT服务Ⅱ
920092,汉鑫科技,IT服务Ⅱ
600536,中国软件,IT服务Ⅱ
688051,佳华科技,IT服务Ⅱ
600271,航天信息,IT服务Ⅱ
920227,美登科技,IT服务Ⅱ
300399,天利科技,IT服务Ⅱ
600756,浪潮软件,IT服务Ⅱ
688004,博汇科技,IT服务Ⅱ
920184,国源科技,IT服务Ⅱ
300096,ST易联众,IT服务Ⅱ
688258,卓易信息,IT服务Ⅱ
600446,金证股份,IT服务Ⅱ
920790,联迪信息,IT服务Ⅱ
688787,海天瑞声,IT服务Ⅱ
920130,立方控股,IT服务Ⅱ
002232,启明信息,IT服务Ⅱ
300300,海峡创新,IT服务Ⅱ
920748,路桥信息,IT服务Ⅱ
300687,赛意信息,IT服务Ⅱ
920564,天润科技,IT服务Ⅱ
301208,中亦科技,IT服务Ⅱ
688365,光云科技,IT服务Ⅱ
603869,ST智知,IT服务Ⅱ
688228,开普云,IT服务Ⅱ
300523,辰安科技,IT服务Ⅱ
300419,ST浩丰,IT服务Ⅱ
603636,南威软件,IT服务Ⅱ
300678,中科信息,IT服务Ⅱ
300674,宇信科技,IT服务Ⅱ
000034,神州数码,IT服务Ⅱ
300079,数码视讯,IT服务Ⅱ
603859,能科科技,IT服务Ⅱ
300288,朗玛信息,IT服务Ⅱ
301185,鸥玛软件,IT服务Ⅱ
920806,云星宇,IT服务Ⅱ
000409,云鼎科技,IT服务Ⅱ
300020,ST银江,IT服务Ⅱ
688509,正元地信,IT服务Ⅱ
000555,神州信息,IT服务Ⅱ
300290,荣科科技,IT服务Ⅱ
301178,天亿马,IT服务Ⅱ
301248,杰创智能,IT服务Ⅱ
300250,初灵信息,IT服务Ⅱ
002065,东华软件,IT服务Ⅱ
002474,榕基软件,IT服务Ⅱ
688066,航天宏图,IT服务Ⅱ
300532,今天国际,IT服务Ⅱ
301236,软通动力,IT服务Ⅱ
300496,中科创达,IT服务Ⅱ
003005,竞业达,IT服务Ⅱ
300166,东方国信,IT服务Ⅱ
688229,博睿数据,IT服务Ⅱ
002331,皖通科技,IT服务Ⅱ
600718,东软集团,IT服务Ⅱ
300271,华宇软件,IT服务Ⅱ
300277,汽轮科技,IT服务Ⅱ
688316,青云科技-U,IT服务Ⅱ
603918,金桥信息,IT服务Ⅱ
300150,世纪瑞尔,IT服务Ⅱ
688327,云从科技-UW,IT服务Ⅱ
300287,飞利信,IT服务Ⅱ
300078,思创智联,IT服务Ⅱ
603171,税友股份,IT服务Ⅱ
002908,德生科技,IT服务Ⅱ
300682,朗新科技,IT服务Ⅱ
002373,千方科技,IT服务Ⅱ
600797,浙大网新,IT服务Ⅱ
301218,华是科技,IT服务Ⅱ
002777,久远银海,IT服务Ⅱ
600845,宝信软件,IT服务Ⅱ
605398,新炬网络,IT服务Ⅱ
301172,君逸数码,IT服务Ⅱ
000158,常山北明,IT服务Ⅱ
600131,国网信通,IT服务Ⅱ
300170,汉得信息,IT服务Ⅱ
300846,首都在线,IT服务Ⅱ
900926,宝信Ｂ,IT服务Ⅱ
301556,托普云农,IT服务Ⅱ
002649,博彦科技,IT服务Ⅱ
920953,国子软件,IT服务Ⅱ
000938,紫光股份,IT服务Ⅱ
002642,荣联科技,IT服务Ⅱ
301638,南网数字,IT服务Ⅱ
300541,先进数通,IT服务Ⅱ
688158,优刻得-W,IT服务Ⅱ
688500,慧辰股份,IT服务Ⅱ
002771,真视通,IT服务Ⅱ
002195,岩山科技,IT服务Ⅱ
301085,亚康股份,IT服务Ⅱ
688562,航天软件,IT服务Ⅱ
002380,科远智慧,IT服务Ⅱ
300231,银信科技,IT服务Ⅱ
600571,信雅达,IT服务Ⅱ
002401,中远海科,IT服务Ⅱ
600410,华胜天成,IT服务Ⅱ
300017,网宿科技,IT服务Ⅱ
600850,电科数字,IT服务Ⅱ
300634,彩讯股份,IT服务Ⅱ
301396,宏景科技,IT服务Ⅱ
603138,海量数据,IT服务Ⅱ
300895,铜牛信息,IT服务Ⅱ
600728,佳都科技,IT服务Ⅱ
000815,美利云,IT服务Ⅱ
603887,城地香江,IT服务Ⅱ
600734,*ST实达,IT服务Ⅱ
300167,ST迪威迅,IT服务Ⅱ
002368,太极股份,IT服务Ⅱ
300245,ST天玑,IT服务Ⅱ
300212,*ST易录,IT服务Ⅱ
920305,*ST云创,IT服务Ⅱ
688418,震有科技,通信设备
688159,有方科技,通信设备
002281,光迅科技,通信设备
688387,信科移动-U,通信设备
301577,美信科技,通信设备
688283,坤恒顺维,通信设备
300548,长芯博创,通信设备
688100,威胜信息,通信设备
300213,佳讯飞鸿,通信设备
300710,万隆光电,通信设备
688205,德科立,通信设备
300353,东土科技,通信设备
603083,剑桥科技,通信设备
002792,通宇通讯,通信设备
688027,国盾量子,通信设备
920249,利尔达,通信设备
301165,锐捷网络,通信设备
300308,中际旭创,通信设备
301314,科瑞思,通信设备
300620,光库科技,通信设备
002194,武汉凡谷,通信设备
300414,中光防雷,通信设备
300615,欣天科技,通信设备
688592,司南导航,通信设备
000063,中兴通讯,通信设备
200468,宁通信B,通信设备
002881,美格智能,通信设备
301202,朗威股份,通信设备
002796,世嘉科技,通信设备
003040,楚天龙,通信设备
002017,东信和平,通信设备
688313,仕佳光子,通信设备
300504,天邑股份,通信设备
300565,科信技术,通信设备
688668,鼎通科技,通信设备
600775,南京熊猫,通信设备
300205,*ST天喻,通信设备
300183,东软载波,通信设备
300555,ST路通,通信设备
002104,恒宝股份,通信设备
920374,云里物里,通信设备
301307,美利信,通信设备
001267,汇绿生态,通信设备
300689,澄天伟业,通信设备
603118,共进股份,通信设备
300638,广和通,通信设备
002396,星网锐捷,通信设备
003031,中瓷电子,通信设备
002296,辉煌科技,通信设备
301419,阿莱德,通信设备
300698,万马科技,通信设备
300134,大富科技,通信设备
300627,华测导航,通信设备
300628,亿联网络,通信设备
600198,大唐电信,通信设备
688080,映翰通,通信设备
300098,高新兴,通信设备
300711,广哈通信,通信设备
300394,天孚通信,通信设备
603236,移远通信,通信设备
301205,联特科技,通信设备
688618,三旺通信,通信设备
300570,太辰光,通信设备
603421,鼎信通讯,通信设备
002897,意华股份,通信设备
002902,铭普光磁,通信设备
300502,新易盛,通信设备
600776,东方通信,通信设备
300590,移为通信,通信设备
002583,海能达,通信设备
900941,东信Ｂ股,通信设备
920045,蘅东光,通信设备
002313,日海智能,通信设备
603803,瑞斯康达,通信设备
301191,菲菱科思,通信设备
688182,灿勤科技,通信设备
600345,长江通信,通信设备
600498,烽火通信,通信设备
300979,华利集团,纺织鞋类制造
600288,大恒科技,横向通用软件
688152,麒麟信安,横向通用软件
300454,深信服,横向通用软件
002439,启明星辰,横向通用软件
688058,宝兰德,横向通用软件
688435,英方软件,横向通用软件
688695,中创股份,横向通用软件
601360,三六零,横向通用软件
688561,奇安信-U,横向通用软件
688095,福昕软件,横向通用软件
688030,山石网科,横向通用软件
688244,永信至诚,横向通用软件
301315,威士顿,横向通用软件
688651,盛邦安全,横向通用软件
688111,金山办公,横向通用软件
688031,星环科技-U,横向通用软件
603039,泛微网络,横向通用软件
300036,超图软件,横向通用软件
688225,亚信安全,横向通用软件
300768,迪普科技,横向通用软件
688369,致远互联,横向通用软件
300311,ST任子行,横向通用软件
002230,科大讯飞,横向通用软件
688168,安博通,横向通用软件
301270,汉仪股份,横向通用软件
300378,鼎捷数智,横向通用软件
600588,用友网络,横向通用软件
300369,绿盟科技,横向通用软件
300766,每日互动,横向通用软件
300624,万兴科技,横向通用软件
688023,安恒信息,横向通用软件
002279,久其软件,横向通用软件
002212,天融信,横向通用软件
688201,ST信安,横向通用软件
000004,*ST国华,横向通用软件
002181,粤 传 媒,传媒
920021,流金科技,传媒
002400,省广集团,传媒
002878,元隆雅图,传媒
300027,ST华谊,传媒
002354,天娱数科,传媒
603721,*ST天择,传媒
600229,城市传媒,传媒
300291,百纳千成,传媒
301231,荣信文化,传媒
601858,中国科传,传媒
001330,博纳影业,传媒
002739,儒意电影,传媒
002995,天地在线,传媒
600088,中视传媒,传媒
603598,引力传媒,传媒
000607,华媒控股,传媒
603602,纵横通信,传媒
603096,新经典,传媒
600977,中国电影,传媒
000892,欢瑞世纪,传媒
600037,歌华有线,传媒
301102,兆讯传媒,传媒
603103,横店影视,传媒
600936,北投科技,传媒
300528,幸福蓝海,传媒
300426,华智数媒,传媒
300788,中信出版,传媒
000665,湖北广电,传媒
600996,贵广网络,传媒
300242,佳云科技,传媒
002291,遥望科技,传媒
601929,吉视传媒,传媒
002238,天威视讯,传媒
300251,光线传媒,传媒
300612,宣亚国际,传媒
002264,新 华 都,传媒
301025,读客文化,传媒
301052,果麦文化,传媒
300063,天龙集团,传媒
603230,内蒙新华,传媒
000802,北京文化,传媒
300071,福石控股,传媒
600825,新华传媒,传媒
000676,智度股份,传媒
601949,中国出版,传媒
301171,易点天下,传媒
600373,中文传媒,传媒
603999,读者传媒,传媒
601595,上海电影,传媒
600959,江苏有线,传媒
300781,因赛集团,传媒
600556,天下秀,传媒
600831,广电网络,传媒
002712,思美传媒,传媒
600551,时代出版,传媒
300061,旗天科技,传媒
300133,华策影视,传媒
000793,*ST华闻,传媒
603825,ST华扬,传媒
600358,国旅联合,传媒
300805,电声股份,传媒
301262,海看股份,传媒
300182,捷成股份,传媒
000156,华数传媒,传媒
601801,皖新传媒,传媒
300770,新媒股份,传媒
600637,东方明珠,传媒
000917,电广传媒,传媒
300058,蓝色光标,传媒
600640,国脉文化,传媒
002343,慈文传媒,传媒
601999,出版传媒,传媒
000719,中原传媒,传媒
002027,分众传媒,传媒
605168,三人行,传媒
002905,金逸影视,传媒
301551,无线传媒,传媒
603729,ST龙韵,传媒
600986,浙文互联,传媒
300408,三环集团,元件
002199,*ST东晶,元件
688539,高华科技,元件
920491,XD奥迪威,元件
600563,法拉电子,元件
300975,商络电子,元件
301458,钧崴电子,元件
603989,艾华集团,元件
920128,胜业电气,元件
002484,江海股份,元件
300460,ST惠伦,元件
000636,风华高科,元件
301566,达利凯普,元件
300319,麦捷科技,元件
603115,海星股份,元件
600237,铜峰电子,元件
920981,晶赛科技,元件
002138,顺络电子,元件
603738,泰晶科技,元件
601101,昊华能源,煤炭
900948,伊泰Ｂ股,煤炭
600546,山煤国际,煤炭
600348,华阳股份,煤炭
600925,苏能股份,煤炭
601898,中煤能源,煤炭
601001,晋控煤业,煤炭
601088,中国神华,煤炭
601225,陕西煤业,煤炭
000571,新大洲A,煤炭
601918,新集能源,煤炭
600121,郑州煤电,煤炭
002128,电投能源,煤炭
600188,兖矿能源,煤炭
000552,甘肃能化,煤炭
600403,大有能源,煤炭
300820,英杰电气,电力设备
300751,迈为股份,电力设备
301232,飞沃科技,电力设备
688516,奥特维,电力设备
300870,欧陆通,电力设备
688599,天合光能,电力设备
002202,金风科技,电力设备
688390,固德威,电力设备
300153,科泰电源,电力设备
600072,中船科技,电力设备
603398,*ST沐邦,电力设备
002865,钧达股份,电力设备
600151,航天机电,电力设备
600732,爱旭股份,电力设备
301040,中环海陆,电力设备
603063,禾望电气,电力设备
601615,明阳智能,电力设备
688717,艾罗能源,电力设备
002851,麦格米特,电力设备
300129,泰胜风能,电力设备
688726,拉普拉斯,电力设备
301502,华阳智能,电力设备
688223,晶科能源,电力设备
300118,东方日升,电力设备
688785,恒运昌,电力设备
301516,中远通,电力设备
603819,神力股份,电力设备
301658,首航新能,电力设备
002249,大洋电机,电力设备
300626,华瑞股份,电力设备
920100,三协电机,电力设备
003021,兆威机电,电力设备
300850,新强联,电力设备
300093,*ST金刚,电力设备
002364,中恒电气,电力设备
920368,连城数控,电力设备
300724,捷佳伟创,电力设备
688429,时创能源,电力设备
688660,电气风电,电力设备
301557,常友科技,电力设备
605117,德业股份,电力设备
301023,奕帆传动,电力设备
300316,晶盛机电,电力设备
920414,欧普泰,电力设备
300443,金雷股份,电力设备
688556,高测股份,电力设备
300393,中来股份,电力设备
603728,鸣志电器,电力设备
300907,康平科技,电力设备
002531,天顺风能,电力设备
600580,XD卧龙电,电力设备
002196,方正电机,电力设备
301155,海力风电,电力设备
301163,宏德股份,电力设备
688551,科威尔,电力设备
920110,雷特科技,电力设备
300772,运达股份,电力设备
920011,晨光电机,电力设备
002801,微光股份,电力设备
301168,通灵股份,电力设备
002459,晶澳科技,电力设备
688719,爱科赛博,电力设备
603489,八方股份,电力设备
300713,英可瑞,电力设备
603370,华新精科,电力设备
688349,三一重能,电力设备
002892,科力尔,电力设备
301636,泽润新能,电力设备
600405,动力源,电力设备
000922,佳电股份,电力设备
300660,江苏雷利,电力设备
603344,星德胜,电力设备
300827,上能电气,电力设备
301278,快可电子,电力设备
688411,海博思创,电力设备
300345,华民股份,电力设备
301456,盘古智能,电力设备
002366,融发核电,电力设备
002129,TCL中环,电力设备
300051,琏升科技,电力设备
688472,阿特斯,电力设备
002823,凯中精密,电力设备
300185,通裕重工,电力设备
300491,通合科技,电力设备
002951,金时科技,电力设备
301590,优优绿能,电力设备
002176,江特电机,电力设备
300763,锦浪科技,电力设备
688348,昱能科技,电力设备
601026,道生天合,电力设备
603396,金辰股份,电力设备
300274,阳光电源,电力设备
300904,威力传动,电力设备
301226,祥明智能,电力设备
300690,双一科技,电力设备
300080,易成新能,电力设备
603350,安乃达,电力设备
000809,和展能源,电力设备
603320,迪贝电气,电力设备
000821,ST京机,电力设备
920985,海泰新能,电力设备
600481,双良节能,电力设备
600416,湘电股份,电力设备
002518,科士达,电力设备
002056,横店东磁,电力设备
300693,盛弘股份,电力设备
002506,协鑫集成,电力设备
002576,通达动力,电力设备
002335,科华数据,电力设备
603248,锡华科技,电力设备
300569,天能重工,电力设备
300593,新雷能,电力设备
002487,大金重工,电力设备
300376,易事特,电力设备
603218,日月股份,电力设备
603988,中电电机,电力设备
300776,帝尔激光,电力设备
603778,国晟科技,电力设备
688032,禾迈股份,电力设备
688303,大全能源,电力设备
603985,恒润股份,电力设备
600482,中国动力,电力设备
301157,华塑科技,电力设备
920770,艾能聚,电力设备
603507,振江股份,电力设备
002227,*ST特迅,电力设备
601218,吉鑫科技,电力设备
603092,德力佳,电力设备
002309,中利集团,电力设备
600537,*ST亿晶,电力设备
600212,绿能慧充,电力设备
301001,凯淳股份,电商服务
605136,丽人丽妆,电商服务
300792,壹网壹创,电商服务
003010,若羽臣,电商服务
300518,新迅达,电商服务
002127,南极电商,电商服务
301110,青木科技,电商服务
600539,狮头股份,电商服务
603355,莱克电气,清洁小家电
301187,欧圣电气,清洁小家电
603219,富佳股份,清洁小家电
605555,德昌股份,清洁小家电
301332,德尔玛,清洁小家电
603486,科沃斯,清洁小家电
688169,石头科技,清洁小家电
300272,开能健康,清洁小家电
600527,江南高纤,其他纺织
300877,金春股份,其他纺织
605180,华生科技,其他纺织
301066,万事利,其他纺织
300918,南山智尚,其他纺织
000955,欣龙控股,其他纺织
601599,浙文影业,其他纺织
001390,古麒绒材,其他纺织
002144,宏达高科,其他纺织
603889,新澳股份,其他纺织
001312,福恩股份,其他纺织
603130,云中马,其他纺织
603055,台华新材,其他纺织
300819,聚杰微纤,其他纺织
600156,华升股份,其他纺织
002235,安妮股份,造纸
600433,冠豪高新,造纸
605377,华旺科技,造纸
605007,五洲特纸,造纸
600235,民丰特纸,造纸
600356,恒丰纸业,造纸
002521,齐峰新材,造纸
002012,凯恩股份,造纸
920394,民士达,造纸
301469,恒达新材,造纸
603733,仙鹤股份,造纸
600103,青山纸业,造纸
600793,宜宾纸业,造纸
001338,永顺泰,其他农产品加工
003030,祖名股份,其他农产品加工
600737,中粮糖业,其他农产品加工
002286,保龄宝,其他农产品加工
000930,中粮科技,其他农产品加工
300268,*ST佳沃,其他农产品加工
920371,欧福蛋业,其他农产品加工
002481,双塔食品,其他农产品加工
300138,晨光生物,其他农产品加工
920273,XD一致魔,其他农产品加工
600191,华资实业,其他农产品加工
000911,*ST广糖,其他农产品加工
920527,夜光明,辅料
002098,浔兴股份,辅料
002674,兴业科技,辅料
002003,伟星股份,辅料
301322,绿通科技,其他运输设备
002105,信隆健康,其他运输设备
600099,林海股份,其他运输设备
600679,上海凤凰,其他运输设备
900916,凤凰B股,其他运输设备
300994,久祺股份,其他运输设备
603529,爱玛科技,其他运输设备
689009,九号公司-WD,其他运输设备
900915,ST中路B,其他运输设备
600818,ST中路,其他运输设备
002685,华东重机,工程机械整机
600984,建设机械,工程机械整机
603273,天元智能,工程机械整机
920706,铁拓机械,工程机械整机
000680,山推股份,工程机械整机
603280,南方路机,工程机械整机
920599,同力股份,工程机械整机
920101,志高机械,工程机械整机
300201,海伦哲,工程机械整机
600815,厦工股份,工程机械整机
603194,中力股份,工程机械整机
600031,三一重工,工程机械整机
603611,诺力股份,工程机械整机
002097,山河智能,工程机械整机
688425,铁建重工,工程机械整机
603298,杭叉集团,工程机械整机
605305,中际联合,工程机械整机
600761,安徽合力,工程机械整机
000157,中联重科,工程机械整机
000528,柳    工,工程机械整机
000425,徐工机械,工程机械整机
603338,浙江鼎力,工程机械整机
600123,兰花科创,焦煤
601666,平煤股份,焦煤
600971,恒源煤电,焦煤
000983,山西焦煤,焦煤
600508,上海能源,焦煤
600985,淮北矿业,焦煤
601699,潞安环能,焦煤
000937,冀中能源,焦煤
600395,盘江股份,焦煤
600758,辽宁能源,焦煤
601336,新华保险,保险Ⅱ
601628,中国人寿,保险Ⅱ
601318,中国平安,保险Ⅱ
601319,中国人保,保险Ⅱ
601601,中国太保,保险Ⅱ
600060,海信视像,彩电
600839,四川长虹,彩电
002848,*ST高斯,彩电
002429,兆驰股份,彩电
600941,中国移动,电信运营商
601728,中国电信,电信运营商
600050,中国联通,电信运营商
600020,中原高速,交通运输
601333,广深铁路,交通运输
600221,海航控股,交通运输
002930,宏川智慧,交通运输
000886,海南高速,交通运输
900945,海控B股,交通运输
603066,音飞储存,交通运输
002682,龙洲股份,交通运输
600755,厦门国贸,交通运输
000626,远大控股,交通运输
600753,*ST海钦,交通运输
300013,新宁物流,交通运输
603813,*ST原尚,交通运输
600125,铁龙物流,交通运输
002010,传化智联,交通运输
001965,招商公路,交通运输
600153,建发股份,交通运输
200429,粤高速Ｂ,交通运输
600377,宁沪高速,交通运输
600035,楚天高速,交通运输
000900,现代投资,交通运输
000906,浙商中拓,交通运输
600603,广汇物流,交通运输
601188,龙江交通,交通运输
001317,三羊马,交通运输
000557,西部创业,交通运输
603648,畅联股份,交通运输
300350,华鹏飞,交通运输
603329,上海雅仕,交通运输
601111,中国国航,交通运输
300240,飞力达,交通运输
002800,天顺股份,交通运输
001202,炬申股份,交通运输
600548,深高速,交通运输
600704,物产中大,交通运输
600794,保税科技,交通运输
601021,春秋航空,交通运输
000755,山西高速,交通运输
600368,五洲交通,交通运输
600033,福建高速,交通运输
600350,山东高速,交通运输
000828,东莞控股,交通运输
603569,长久物流,交通运输
601107,四川成渝,交通运输
001213,中铁特货,交通运输
000429,粤高速Ａ,交通运输
000548,湖南投资,交通运输
300873,海晨股份,交通运输
600269,赣粤高速,交通运输
002889,东方嘉盛,交通运输
002492,恒基达鑫,交通运输
601816,京沪高铁,交通运输
600057,厦门象屿,交通运输
000099,中信海直,交通运输
600115,中国东航,交通运输
600012,皖通高速,交通运输
601518,吉林高速,交通运输
600106,重庆路桥,交通运输
002769,普路通,交通运输
605050,福然德,交通运输
002928,华夏航空,交通运输
603885,吉祥航空,交通运输
600787,中储股份,交通运输
600029,南方航空,交通运输
603713,密尔克卫,交通运输
601006,大秦铁路,交通运输
600180,*ST瑞茂,交通运输
688073,毕得医药,医疗服务
301096,百诚医药,医疗服务
301239,普瑞眼科,医疗服务
002044,美年健康,医疗服务
688796,百奥赛图,医疗服务
688222,成都先导,医疗服务
688131,皓元医药,医疗服务
002524,光正眼科,医疗服务
002622,皓宸医疗,医疗服务
300404,博济医药,医疗服务
301520,万邦医药,医疗服务
603127,昭衍新药,医疗服务
301333,诺思格,医疗服务
301293,三博脑科,医疗服务
002173,创新医疗,医疗服务
300683,海特生物,医疗服务
301103,何氏眼科,医疗服务
301201,诚达药业,医疗服务
301267,华厦眼科,医疗服务
688265,南模生物,医疗服务
300143,盈康生命,医疗服务
300149,睿智医药,医疗服务
688046,药康生物,医疗服务
300363,博腾股份,医疗服务
300725,药石科技,医疗服务
002172,澳洋健康,医疗服务
688238,和元生物,医疗服务
000516,国际医学,医疗服务
002821,凯莱英,医疗服务
600721,百花医药,医疗服务
603456,九洲药业,医疗服务
002219,新里程,医疗服务
301230,泓博医药,医疗服务
688710,益诺思,医疗服务
603259,药明康德,医疗服务
300759,康龙化成,医疗服务
688621,阳光诺和,医疗服务
300015,爱尔眼科,医疗服务
301509,金凯生科,医疗服务
300347,泰格医药,医疗服务
600568,ST中珠,医疗服务
600763,通策医疗,医疗服务
301257,普蕊斯,医疗服务
688202,美迪西,医疗服务
688655,迅捷兴,印制电路板
688020,方邦股份,印制电路板
603175,超颖电子,印制电路板
300814,中富电路,印制电路板
300936,中英科技,印制电路板
603386,骏亚科技,印制电路板
300964,本川智能,印制电路板
300657,弘信电子,印制电路板
002384,东山精密,印制电路板
301041,金百泽,印制电路板
002913,奥士康,印制电路板
002436,兴森科技,印制电路板
002134,天津普林,印制电路板
002463,沪电股份,印制电路板
301366,一博科技,印制电路板
603459,红板科技,印制电路板
300852,四会富仕,印制电路板
001389,广合科技,印制电路板
688519,南亚新材,印制电路板
002916,深南电路,印制电路板
002636,金安国纪,印制电路板
301251,威尔高,印制电路板
920821,则成电子,印制电路板
002938,鹏鼎控股,印制电路板
300903,科翔股份,印制电路板
600601,方正科技,印制电路板
301628,强达电路,印制电路板
301176,逸豪新材,印制电路板
300739,明阳电路,印制电路板
300476,胜宏科技,印制电路板
605058,澳弘电子,印制电路板
603936,博敏电子,印制电路板
600183,生益科技,印制电路板
603186,华正新材,印制电路板
605258,协和电子,印制电路板
000823,超声电子,印制电路板
002815,崇达技术,印制电路板
301132,满坤科技,印制电路板
603228,景旺电子,印制电路板
603920,世运电路,印制电路板
688183,生益电子,印制电路板
002579,中京电子,印制电路板
920060,万源通,印制电路板
603328,依顿电子,印制电路板
301282,金禄电子,印制电路板
000681,视觉中国,数字媒体
603466,风语筑,数字媒体
301313,凡拓数创,数字媒体
300860,锋尚文化,会展服务
300795,米奥会展,会展服务
600826,兰生股份,会展服务
600598,北大荒,粮食种植
601952,苏垦农发,粮食种植
600185,珠免集团,旅游零售Ⅱ
601888,中国中免,旅游零售Ⅱ
301049,超越科技,固废治理
300854,中兰环保,固废治理
002266,浙富控股,固废治理
000546,金圆股份,固废治理
688370,丛麟科技,固废治理
601827,三峰环境,固废治理
603568,伟明环保,固废治理
300614,百川畅银,固废治理
920370,新安洁,固废治理
601033,永兴股份,固废治理
300815,玉禾田,固废治理
301265,华新科技,固废治理
301109,军信股份,固废治理
688679,通源环境,固废治理
601200,上海环境,固废治理
000885,城发环境,固废治理
001230,劲旅环境,固废治理
301305,朗坤科技,固废治理
300140,节能环境,固废治理
300779,惠城环保,固废治理
002672,东江环保,固废治理
301175,中科环保,固废治理
002034,旺能环境,固废治理
603588,高能环境,固废治理
600217,中再资环,固废治理
301500,飞南资源,固废治理
600323,瀚蓝环境,固废治理
002973,侨银股份,固废治理
301068,大地海洋,固废治理
000035,中国天楹,固废治理
300867,圣元环保,固废治理
688178,万德斯,固废治理
601330,绿色动力,固废治理
002210,飞马国际,固废治理
000505,京粮控股,粮油加工
300999,金龙鱼,粮油加工
603182,嘉华股份,粮油加工
200505,京粮B,粮油加工
600127,金健米业,粮油加工
000019,深粮控股,粮油加工
200019,深粮B,粮油加工
002852,道道全,粮油加工
603231,索宝蛋白,粮油加工
000638,*ST万方,粮油加工
002785,万里石,建筑材料
300599,雄塑科技,建筑材料
300234,开尔新材,建筑材料
605318,法狮龙,建筑材料
002066,瑞泰科技,建筑材料
002718,友邦吊顶,建筑材料
001212,中旗新材,建筑材料
002372,伟星新材,建筑材料
920191,瑞尔竞达,建筑材料
300198,*ST纳川,建筑材料
301429,森泰股份,建筑材料
920076,国亮新材,建筑材料
688119,中钢洛耐,建筑材料
301010,晶雪节能,建筑材料
920580,科创新材,建筑材料
300715,凯伦股份,建筑材料
000619,海螺新材,建筑材料
200055,方大Ｂ,建筑材料
603038,华立股份,建筑材料
920792,东和新材,建筑材料
000055,方大集团,建筑材料
002641,公元股份,建筑材料
300737,科顺股份,建筑材料
002392,北京利尔,建筑材料
002043,兔 宝 宝,建筑材料
002247,聚力文化,建筑材料
603856,东宏股份,建筑材料
002791,坚朗五金,建筑材料
002271,东方雨虹,建筑材料
000786,北新建材,建筑材料
002333,罗普斯金,建筑材料
002225,濮耐股份,建筑材料
002457,青龙管业,建筑材料
002088,鲁阳节能,建筑材料
002652,扬子新材,建筑材料
002694,*ST顾地,建筑材料
002149,西部材料,其他小金属
688750,金天钛业,其他小金属
002428,云南锗业,其他小金属
600301,华锡有色,其他小金属
002182,宝武镁业,其他小金属
600456,宝钛股份,其他小金属
600281,华阳新材,其他小金属
000962,东方钽业,其他小金属
301026,浩通科技,其他小金属
002978,安宁股份,其他小金属
000960,锡业股份,其他小金属
002167,东方锆业,其他小金属
600459,贵研铂业,其他小金属
001280,中国铀业,其他小金属
920068,天工股份,其他小金属
600228,*ST返利,门户网站
300295,*ST三六,门户网站
002095,生 意 宝,门户网站
301299,卓创资讯,门户网站
300987,川网传媒,门户网站
300785,值得买,门户网站
603888,新华网,门户网站
300418,昆仑万维,门户网站
603000,人民网,门户网站
300536,农尚环境,基础建设
603717,天域生物,基础建设
300948,冠中生态,基础建设
002663,普邦股份,基础建设
300197,节能铁汉,基础建设
300949,奥雅股份,基础建设
605303,园林股份,基础建设
002775,文科股份,基础建设
301098,金埔园林,基础建设
002200,*ST交投,基础建设
300355,蒙草生态,基础建设
300649,杭州园林,基础建设
603955,大千生态,基础建设
002717,*ST岭南,基础建设
000010,*ST美丽,基础建设
603316,诚邦股份,基础建设
002431,ST棕榈,基础建设
603359,*ST东珠,基础建设
301092,争光股份,基础化工
603188,亚邦股份,基础化工
002068,黑猫股份,基础化工
002054,德美化工,基础化工
001359,平安电工,基础化工
301196,唯科科技,基础化工
603580,*ST艾艾,基础化工
688571,杭华股份,基础化工
603051,鹿山新材,基础化工
603823,百合花,基础化工
600135,乐凯胶片,基础化工
000782,恒申新材,基础化工
605566,福莱蒽特,基础化工
301037,保立佳,基础化工
603505,金石资源,基础化工
300539,横河精密,基础化工
002254,泰和新材,基础化工
301071,力量钻石,基础化工
688585,上纬新材,基础化工
300876,蒙泰高新,基础化工
688087,英科再生,基础化工
000949,新乡化纤,基础化工
920188,悦龙科技,基础化工
301395,仁信新材,基础化工
688300,联瑞新材,基础化工
603980,吉华集团,基础化工
300665,飞鹿股份,基础化工
002361,神剑股份,基础化工
002395,双象股份,基础化工
603110,东方材料,基础化工
920832,齐鲁华信,基础化工
001378,德冠新材,基础化工
600378,昊华科技,基础化工
300717,华信新材,基础化工
300225,*ST金泰,基础化工
688722,同益中,基础化工
301565,中仑新材,基础化工
300230,永利股份,基础化工
688386,泛亚微透,基础化工
001255,博菲电气,基础化工
300218,安利股份,基础化工
000859,国风新材,基础化工
603382,海阳科技,基础化工
603683,晶华新材,基础化工
002064,华峰化学,基础化工
601208,东材科技,基础化工
002407,多氟多,基础化工
300305,裕兴股份,基础化工
688718,唯赛勃,基础化工
002224,三 力 士,基础化工
920665,科强股份,基础化工
001207,联科科技,基础化工
920675,秉扬科技,基础化工
600810,神马股份,基础化工
300343,ST联创,基础化工
301019,宁波色母,基础化工
603879,永悦科技,基础化工
300806,斯迪克,基础化工
688716,中研股份,基础化工
605488,福莱新材,基础化工
300587,天铁科技,基础化工
300767,震安科技,基础化工
603790,雅运股份,基础化工
301618,长联科技,基础化工
920834,三维装备,基础化工
301459,丰茂股份,基础化工
603172,万丰股份,基础化工
603928,兴业股份,基础化工
001335,信凯科技,基础化工
002753,永东股份,基础化工
001296,长江材料,基础化工
605008,长鸿高科,基础化工
920694,XD中裕科,基础化工
301283,聚胶股份,基础化工
601113,华鼎股份,基础化工
920056,能之光,基础化工
301591,肯特股份,基础化工
002319,乐通股份,基础化工
301209,联合化学,基础化工
603681,永冠新材,基础化工
300905,宝丽迪,基础化工
300731,科创新源,基础化工
605166,聚合顺,基础化工
603330,天洋新材,基础化工
301300,远翔新材,基础化工
002381,双箭股份,基础化工
001333,光华股份,基础化工
920971,XD天马新,基础化工
301687,新广益,基础化工
605086,龙高股份,基础化工
002585,双星新材,基础化工
301036,双乐股份,基础化工
603310,巍华新材,基础化工
300320,海达股份,基础化工
600160,巨化股份,基础化工
001325,元创股份,基础化工
002326,永太科技,基础化工
002669,康达新材,基础化工
301683,慧谷新材,基础化工
920175,东方碳素,基础化工
605020,永和股份,基础化工
000420,吉林化纤,基础化工
603991,至正股份,基础化工
603150,万朗磁塑,基础化工
603688,石英股份,基础化工
300920,润阳科技,基础化工
300180,华峰超纤,基础化工
301090,华润材料,基础化工
603062,麦加芯彩,基础化工
688157,松井股份,基础化工
001369,双欣材料,基础化工
002825,纳尔股份,基础化工
300522,世名科技,基础化工
600352,浙江龙盛,基础化工
002915,中欣氟材,基础化工
002632,道明光学,基础化工
300107,建新股份,基础化工
301585,蓝宇股份,基础化工
002522,浙江众成,基础化工
000973,佛塑科技,基础化工
603033,三维股份,基础化工
920225,利通科技,基础化工
603379,三美股份,基础化工
301555,惠柏新材,基础化工
301216,万凯新材,基础化工
600063,皖维高新,基础化工
605183,确成股份,基础化工
300980,祥源新材,基础化工
300487,蓝晓科技,基础化工
002442,龙星科技,基础化工
000565,渝三峡Ａ,基础化工
000920,沃顿科技,基础化工
920098,科隆新材,基础化工
688295,中复神鹰,基础化工
301237,和顺科技,基础化工
920028,新恒泰,基础化工
300758,七彩化学,基础化工
603826,坤彩科技,基础化工
603612,索通发展,基础化工
002108,沧州明珠,基础化工
920077,吉林碳谷,基础化工
688129,东来技术,基础化工
300067,安诺其,基础化工
002440,闰土股份,基础化工
002263,大东南,基础化工
300798,锦鸡股份,基础化工
605589,圣泉集团,基础化工
920719,宁新新材,基础化工
300243,瑞丰高材,基础化工
688323,瑞华泰,基础化工
000677,恒天海龙,基础化工
600515,海南机场,机场
000089,深圳机场,机场
600897,厦门空港,机场
600009,上海机场,机场
600004,白云机场,机场
000567,海德股份,多元金融
001236,弘业期货,多元金融
603093,南华期货,多元金融
600927,永安期货,多元金融
603123,翠微股份,多元金融
002961,瑞达期货,多元金融
300773,拉卡拉,多元金融
000532,华金资本,多元金融
002647,仁东控股,多元金融
000935,四川双马,多元金融
600053,*ST九鼎,多元金融
603551,奥普科技,厨卫电器
603366,日出东方,厨卫电器
002543,万和电气,厨卫电器
301198,喜悦智行,塑料包装
002735,王子新材,塑料包装
002014,永新股份,塑料包装
920204,沪江材料,塑料包装
000659,珠海中富,塑料包装
920274,宏裕包材,塑料包装
600210,紫江企业,塑料包装
003018,金富科技,塑料包装
600833,第一医药,医药商业
301408,华人健康,医药商业
605266,健之佳,医药商业
002727,一心堂,医药商业
603883,老百姓,医药商业
603939,益丰药房,医药商业
301017,漱玉平民,医药商业
603233,大参林,医药商业
002591,恒大高新,其他化学制品
002453,华软科技,其他化学制品
001218,丽臣实业,其他化学制品
301286,侨源股份,其他化学制品
920033,康普化学,其他化学制品
301373,凌玮科技,其他化学制品
600500,中化国际,其他化学制品
920519,万德股份,其他化学制品
300405,科隆股份,其他化学制品
605366,宏柏新材,其他化学制品
688659,元琛科技,其他化学制品
688179,阿拉丁,其他化学制品
300169,天晟新材,其他化学制品
603285,键邦股份,其他化学制品
002666,德联集团,其他化学制品
300535,达威股份,其他化学制品
300163,先锋新材,其他化学制品
688625,呈和科技,其他化学制品
603276,恒兴新材,其他化学制品
688065,凯赛生物,其他化学制品
000881,中广核技,其他化学制品
301149,隆华新材,其他化学制品
002809,红墙股份,其他化学制品
603120,肯特催化,其他化学制品
301059,金三江,其他化学制品
301518,长华化学,其他化学制品
002637,赞宇科技,其他化学制品
688267,中触媒,其他化学制品
688398,赛特新材,其他化学制品
603722,阿科力,其他化学制品
603867,新化股份,其他化学制品
300109,新开源,其他化学制品
300910,瑞丰新材,其他化学制品
301212,联盛化学,其他化学制品
688269,凯立新材,其他化学制品
301076,新瀚新材,其他化学制品
603065,宿迁联盛,其他化学制品
603255,鼎际得,其他化学制品
300610,晨化股份,其他化学制品
688199,久日新材,其他化学制品
300214,日科化学,其他化学制品
301100,风光股份,其他化学制品
920099,瑞华技术,其他化学制品
001358,兴欣新材,其他化学制品
300641,正丹股份,其他化学制品
920974,凯大催化,其他化学制品
603217,元利科技,其他化学制品
603004,鼎龙科技,其他化学制品
300072,海新能科,其他化学制品
603948,建业股份,其他化学制品
300801,泰和科技,其他化学制品
688196,卓越新能,其他化学制品
300530,领湃科技,其他化学制品
688350,富淼科技,其他化学制品
002971,和远气体,其他化学制品
300637,扬帆新材,其他化学制品
603010,万盛股份,其他化学制品
600273,嘉化能源,其他化学制品
300596,利安隆,其他化学制品
600165,ST宁科,其他化学制品
300174,元力股份,其他化学制品
301617,博苑股份,其他化学制品
002430,杭氧股份,其他化学制品
688133,泰坦科技,其他化学制品
603125,常青科技,其他化学制品
002549,凯美特气,其他化学制品
920471,美邦科技,其他化学制品
920957,汉维科技,其他化学制品
002802,洪汇新材,其他化学制品
002810,山东赫达,其他化学制品
688357,建龙微纳,其他化学制品
603181,皇马科技,其他化学制品
603334,丰倍生物,其他化学制品
002455,百川股份,其他化学制品
920402,硅烷科技,其他化学制品
603822,ST嘉澳,其他化学制品
920015,锦华新材,其他化学制品
301077,星华新材,其他化学制品
300721,怡达股份,其他化学制品
601727,上海电气,综合电力设备商
600875,东方电气,综合电力设备商
605122,四方新材,水泥
603916,苏博特,水泥
002596,海南瑞泽,水泥
002671,龙泉股份,水泥
603616,韩建河山,水泥
002205,国统股份,水泥
003037,三和管桩,水泥
002398,垒知集团,水泥
002302,西部建设,水泥
603332,苏州龙杰,涤纶
603073,彩蝶实业,涤纶
603225,新凤鸣,涤纶
002998,优彩资源,涤纶
002206,海 利 得,涤纶
603406,天富龙,涤纶
002427,尤夫股份,涤纶
301057,汇隆新材,涤纶
000936,华西股份,涤纶
600370,*ST三房,涤纶
603212,赛伍技术,光伏辅材
002623,亚玛顿,光伏辅材
688680,海优新材,光伏辅材
603381,永臻股份,光伏辅材
688503,聚和材料,光伏辅材
300842,帝科股份,光伏辅材
001269,欧晶科技,光伏辅材
920167,同享科技,光伏辅材
688560,明冠新材,光伏辅材
301266,宇邦新材,光伏辅材
603806,福斯特,光伏辅材
688598,金博股份,光伏辅材
601865,福莱特,光伏辅材
600207,安彩高科,光伏辅材
603628,清源股份,光伏辅材
920007,酉立智能,光伏辅材
003022,联泓新科,光伏辅材
688408,中信博,光伏辅材
002207,*ST准油,油服工程
920088,科力股份,油服工程
600871,石化油服,油服工程
600968,海油发展,油服工程
601808,中海油服,油服工程
002629,仁智股份,油服工程
603619,中曼石油,油服工程
002828,贝肯能源,油服工程
603095,越剑智能,纺织服装设备
002021,中捷资源,纺织服装设备
600843,上工申贝,纺织服装设备
300307,慈星股份,纺织服装设备
900924,上工Ｂ股,纺织服装设备
002722,物产金轮,纺织服装设备
600232,金鹰股份,纺织服装设备
301053,远信工业,纺织服装设备
603337,杰克科技,纺织服装设备
003036,泰坦股份,纺织服装设备
600545,卓郎智能,纺织服装设备
688789,宏华数科,纺织服装设备
600302,标准股份,纺织服装设备
603022,新通联,综合包装
003003,天元股份,综合包装
603607,京华激光,综合包装
920163,方大新材,综合包装
300501,海顺新材,综合包装
600076,康欣新材,综合包装
600272,开开实业,医药流通
002390,信邦制药,医药流通
301126,达嘉维康,医药流通
900943,开开Ｂ股,医药流通
603716,塞力医疗,医药流通
601607,上海医药,医药流通
600829,人民同泰,医药流通
000705,浙江震元,医药流通
301584,建发致新,医药流通
000411,英特集团,医药流通
600511,国药股份,医药流通
600056,中国医药,医药流通
600998,九州通,医药流通
200028,一致Ｂ,医药流通
002788,鹭燕医药,医药流通
000028,国药一致,医药流通
002462,嘉事堂,医药流通
603368,柳药集团,医药流通
000950,重药控股,医药流通
002589,瑞康医药,医药流通
301015,百洋医药,医药流通
300937,药易购,医药流通
600713,南京医药,医药流通
000078,海王生物,医药流通
600662,外服控股,人力资源服务
300662,科锐国际,人力资源服务
600861,北京人力,人力资源服务
600883,博闻科技,食用菌
002772,众兴菌业,食用菌
300511,雪榕生物,食用菌
300970,华绿生物,食用菌
301045,天禄科技,面板
002289,*ST宇顺,面板
300909,汇创达,面板
000045,深纺织Ａ,面板
301106,骏成科技,面板
200045,深纺织Ｂ,面板
301379,天山电子,面板
001308,康冠科技,面板
920001,纬达光电,面板
000509,华塑控股,面板
002955,鸿合科技,面板
300939,秋田微,面板
600552,凯盛科技,面板
002876,三利谱,面板
300120,经纬辉开,面板
688781,视涯科技-UW,面板
300545,联得装备,面板
000020,深华发Ａ,面板
688299,长阳科技,面板
002387,维信诺,面板
688538,和辉光电-U,面板
688181,八亿时空,面板
000727,冠捷科技,面板
603773,沃格光电,面板
002845,同兴达,面板
200020,深华发Ｂ,面板
003019,宸展光电,面板
000100,TCL科技,面板
000536,华映科技,面板
002106,莱宝高科,面板
200725,京东方Ｂ,面板
301321,翰博高新,面板
688055,龙腾光电,面板
000725,京东方Ａ,面板
002952,亚世光电,面板
300088,长信科技,面板
605218,伟时电子,面板
600666,奥瑞德,面板
002217,合力泰,面板
000050,深天马Ａ,面板
600707,彩虹股份,面板
300076,GQY视讯,面板
600119,*ST长投,跨境物流
603836,海程邦达,跨境物流
920351,华光源海,跨境物流
603967,中创物流,跨境物流
001220,世盟股份,跨境物流
603128,华贸物流,跨境物流
001391,国货航,跨境物流
601598,中国外运,跨境物流
601156,东航物流,跨境物流
603535,嘉诚国际,跨境物流
603117,万林物流,跨境物流
001228,永泰运,跨境物流
603871,嘉友国际,跨境物流
002360,ST同德,民爆制品
002246,北化股份,民爆制品
002497,雅化集团,民爆制品
603977,国泰集团,民爆制品
003002,壶化股份,民爆制品
002917,金奥博,民爆制品
603227,雪峰科技,民爆制品
002683,广东宏大,民爆制品
002226,江南化工,民爆制品
002037,保利联合,民爆制品
002827,高争民爆,民爆制品
002783,凯龙股份,民爆制品
002096,易普力,民爆制品
300703,创源股份,文化用品
002301,齐心集团,文化用品
002103,广博股份,文化用品
301101,明月镜片,文化用品
603899,晨光股份,文化用品
002321,华英农业,其他养殖
300313,*ST天山,其他养殖
600965,福成股份,其他养殖
603637,镇海股份,专业工程
000065,北方国际,专业工程
605167,利柏特,专业工程
002051,中工国际,专业工程
000928,中钢国际,专业工程
601117,中国化学,专业工程
002140,东华科技,专业工程
300384,三联虹普,专业工程
600970,中材国际,专业工程
603959,ST百利,专业工程
605598,上海港湾,其他专业工程
603601,再升科技,其他专业工程
003001,中岩大地,其他专业工程
301046,能辉科技,其他专业工程
920019,铜冠矿建,其他专业工程
601068,中铝国际,其他专业工程
605178,时空科技,其他专业工程
002116,中国海诚,其他专业工程
300986,志特新材,其他专业工程
601618,中国中冶,其他专业工程
300712,永福股份,其他专业工程
603929,亚翔集成,其他专业工程
603163,圣晖集成,其他专业工程
605289,罗曼股份,其他专业工程
601133,柏诚股份,其他专业工程
000032,深桑达Ａ,其他专业工程
601226,华电科工,其他专业工程
002542,*ST中岩,其他专业工程
002323,*ST雅博,其他专业工程
300029,*ST天龙,其他专业工程
603360,百傲化学,农化制品
000553,安道麦A,农化制品
200553,安道麦B,农化制品
300796,贝斯美,农化制品
605033,美邦股份,农化制品
920866,绿亨科技,农化制品
003042,中农联合,农化制品
002513,蓝丰生化,农化制品
001231,农心科技,农化制品
002942,新农股份,农化制品
002391,长青股份,农化制品
920819,颖泰生物,农化制品
002250,联化科技,农化制品
002734,利民股份,农化制品
300261,雅本化学,农化制品
603810,丰山集团,农化制品
002215,诺 普 信,农化制品
301665,泰禾股份,农化制品
603086,先达股份,农化制品
300575,中旗股份,农化制品
000525,红太阳,农化制品
002749,国光股份,农化制品
603585,苏利股份,农化制品
002258,利尔化学,农化制品
300804,广康生化,农化制品
600731,湖南海利,农化制品
603639,海利尔,农化制品
603970,中农立华,农化制品
002496,*ST辉丰,农化制品
600389,江山股份,农化制品
603599,广信股份,农化制品
600596,新安股份,农化制品
600486,扬农化工,农化制品
301035,润丰股份,农化制品
601098,中南传媒,教育出版
601019,山东出版,教育出版
601811,新华文轩,教育出版
300654,世纪天鸿,教育出版
300148,天舟文化,教育出版
601900,南方传媒,教育出版
601928,凤凰传媒,教育出版
600757,长江传媒,教育出版
605577,龙版传媒,教育出版
601921,浙版传媒,教育出版
000833,粤桂股份,综合
600673,东阳光,综合
000753,漳州发展,综合
000025,特  力Ａ,综合
000523,红棉股份,综合
600051,宁波联合,综合
600689,上海三毛,综合
900922,三毛B股,综合
200025,特  力Ｂ,综合
000652,泰达股份,综合
600682,南京新百,综合
000421,南京公用,综合
600805,悦达投资,综合
600881,亚泰集团,综合
002758,浙农股份,综合
600770,综艺股份,综合
000632,ST三木,综合
000009,中国宝安,综合
600620,天宸股份,综合
600816,建元信托,信托
000563,陕国投Ａ,信托
600517,国网英大,信托
600438,通威股份,光伏主材
601012,隆基绿能,光伏主材
603185,弘元绿能,光伏主材
002135,东南网架,钢结构
920057,百甲科技,钢结构
002593,日上集团,钢结构
300517,海波重科,钢结构
600496,精工钢构,钢结构
600477,杭萧钢构,钢结构
601096,宏盛华源,钢结构
002743,富煌钢构,钢结构
002541,鸿路钢构,钢结构
603098,森特股份,钢结构
605222,起帆电缆,电网设备
603897,长城科技,电网设备
603050,科林电气,电网设备
600885,宏发股份,电网设备
300069,金利华电,电网设备
603333,尚纬股份,电网设备
920118,太湖远大,电网设备
601700,风范股份,电网设备
600577,精达股份,电网设备
688226,威腾电气,电网设备
601126,四方股份,电网设备
301439,泓淋电力,电网设备
688191,智洋创新,电网设备
002857,三晖电气,电网设备
688681,科汇股份,电网设备
001208,华菱线缆,电网设备
002169,智光电气,电网设备
300514,友讯达,电网设备
002471,中超控股,电网设备
002090,金智科技,电网设备
688663,新风光,电网设备
688616,西力科技,电网设备
920639,晨光电缆,电网设备
688611,杭州柯林,电网设备
300222,科大智能,电网设备
300407,凯发电气,电网设备
920556,雅达股份,电网设备
001388,信通电子,电网设备
300933,中辰股份,电网设备
300286,安科瑞,电网设备
920508,殷图网联,电网设备
300510,金冠股份,电网设备
002546,新联电子,电网设备
300427,红相股份,电网设备
300490,华自科技,电网设备
920018,宏远股份,电网设备
002339,积成电子,电网设备
920037,广信科技,电网设备
002953,日丰股份,电网设备
002606,大连电瓷,电网设备
603577,汇金通,电网设备
000400,许继电气,电网设备
001382,新亚电缆,电网设备
688597,煜邦电力,电网设备
301609,山大电力,电网设备
601222,林洋能源,电网设备
600268,国电南自,电网设备
002533,金杯电工,电网设备
920299,灿能电力,电网设备
002121,科陆电子,电网设备
002451,摩恩电气,电网设备
605196,华通线缆,电网设备
300882,万胜智能,电网设备
301082,久盛电气,电网设备
000720,新能泰山,电网设备
002882,金龙羽,电网设备
300880,迦南智能,电网设备
300360,炬华科技,电网设备
002980,华盛昌,电网设备
920375,派诺科技,电网设备
603606,东方电缆,电网设备
603530,神马电力,电网设备
600973,宝胜股份,电网设备
000682,东方电子,电网设备
600869,远东股份,电网设备
300853,申昊科技,电网设备
600406,国电南瑞,电网设备
603556,海兴电力,电网设备
688248,南网科技,电网设备
300018,中元股份,电网设备
002879,长缆科技,电网设备
002300,太阳电缆,电网设备
002498,汉缆股份,电网设备
002692,远程股份,电网设备
002276,万马股份,电网设备
301179,泽宇智能,电网设备
603618,杭电股份,电网设备
920682,球冠电缆,电网设备
300265,通光线缆,电网设备
002560,通达股份,电网设备
600067,冠城新材,电网设备
688330,宏力达,电网设备
605016,百龙创园,食品及饲料添加剂
002166,莱茵生物,食品及饲料添加剂
301156,美农生物,食品及饲料添加剂
920422,润普食品,食品及饲料添加剂
002597,金禾实业,食品及饲料添加剂
920016,中草香料,食品及饲料添加剂
301206,三元生物,食品及饲料添加剂
603739,蔚蓝生物,食品及饲料添加剂
300741,华宝股份,食品及饲料添加剂
002562,兄弟科技,食品及饲料添加剂
603020,爱普股份,食品及饲料添加剂
688089,嘉必优,食品及饲料添加剂
605077,华康股份,食品及饲料添加剂
002001,新 和 成,食品及饲料添加剂
603079,圣达生物,食品及饲料添加剂
688639,华恒生物,食品及饲料添加剂
600873,梅花生物,食品及饲料添加剂
300829,金丹科技,食品及饲料添加剂
603968,醋化股份,食品及饲料添加剂
603235,天新药业,食品及饲料添加剂
301220,亚香股份,食品及饲料添加剂
300858,科拓生物,食品及饲料添加剂
600299,安迪苏,食品及饲料添加剂
600866,星湖科技,食品及饲料添加剂
688319,欧林生物,生物制品
301207,华兰疫苗,生物制品
688670,金迪克,生物制品
300142,沃森生物,生物制品
300122,智飞生物,生物制品
603392,万泰生物,生物制品
688276,百克生物,生物制品
600739,辽宁成大,生物制品
300601,康泰生物,生物制品
002007,华兰生物,生物制品
300841,康华生物,生物制品
688739,成大生物,生物制品
688185,康希诺,生物制品
920575,康乐卫士,生物制品
300886,华业香料,美容护理
920123,芭薇股份,美容护理
603983,丸美生物,美容护理
300955,嘉亨家化,美容护理
300740,水羊股份,美容护理
300132,青松股份,美容护理
300856,科思股份,美容护理
300849,锦盛新材,美容护理
600223,福瑞达,美容护理
301371,敷尔佳,美容护理
603605,珀莱雅,美容护理
300957,贝泰妮,美容护理
002243,力合科创,美容护理
603630,拉芳家化,美容护理
600315,上海家化,美容护理
002024,ST易购,综合电商
600365,ST通葡,综合电商
603613,国联股份,综合电商
920553,XD凯腾精,印刷包装机械
002611,东方精工,印刷包装机械
300521,爱司凯,印刷包装机械
300512,中亚股份,印刷包装机械
001256,炜冈科技,印刷包装机械
920810,春光智能,印刷包装机械
301105,鸿铭股份,印刷包装机械
300509,新美星,印刷包装机械
300195,长荣股份,印刷包装机械
301138,华研精机,印刷包装机械
603901,永创智能,印刷包装机械
002209,达 意 隆,印刷包装机械
600061,国投资本,金融控股
600643,爱建集团,金融控股
600390,五矿资本,金融控股
002423,中粮资本,金融控股
600318,新力金融,金融控股
000617,中油资本,金融控股
600120,浙江东方,金融控股
600830,香溢融通,金融控股
000987,越秀资本,金融控股
600599,*ST熊猫,金融控股
001337,四川黄金,贵金属
000506,招金黄金,贵金属
601069,西部黄金,贵金属
002155,湖南黄金,贵金属
300139,晓程科技,贵金属
600489,中金黄金,贵金属
002237,恒邦股份,贵金属
600988,赤峰黄金,贵金属
600547,山东黄金,贵金属
000975,山金国际,贵金属
300164,通源石油,油气及炼化工程
002554,惠博普,油气及炼化工程
600339,中油工程,油气及炼化工程
603727,博迈科,油气及炼化工程
600583,海油工程,油气及炼化工程
300191,潜能恒信,油气及炼化工程
603937,丽岛新材,工业金属
603876,鼎胜新材,工业金属
603271,永杰新材,工业金属
600768,宁波富邦,工业金属
300337,银邦股份,工业金属
300328,宜安科技,工业金属
600615,鑫源智造,工业金属
002988,豪美新材,工业金属
300057,万顺新材,工业金属
002996,顺博合金,工业金属
003038,鑫铂股份,工业金属
600361,创新新材,工业金属
002578,闽发铝业,工业金属
600219,南山铝业,工业金属
002540,亚太科技,工业金属
601388,怡球资源,工业金属
000612,焦作万方,工业金属
601677,明泰铝业,工业金属
002160,常铝股份,工业金属
605208,永茂泰,工业金属
002379,宏桥控股,工业金属
601702,华峰铝业,工业金属
600888,新疆众和,工业金属
601600,中国铝业,工业金属
002824,和胜股份,工业金属
600595,中孚实业,工业金属
000933,神火股份,工业金属
000807,云铝股份,工业金属
002532,天山铝业,工业金属
002501,*ST利源,工业金属
601939,建设银行,银行Ⅱ
601187,厦门银行,银行Ⅱ
601577,长沙银行,银行Ⅱ
601838,成都银行,银行Ⅱ
002948,青岛银行,银行Ⅱ
601009,南京银行,银行Ⅱ
600926,杭州银行,银行Ⅱ
601169,北京银行,银行Ⅱ
601398,工商银行,银行Ⅱ
601288,农业银行,银行Ⅱ
601997,贵阳银行,银行Ⅱ
002966,苏州银行,银行Ⅱ
601988,中国银行,银行Ⅱ
600928,西安银行,银行Ⅱ
600919,江苏银行,银行Ⅱ
001227,兰州银行,银行Ⅱ
601963,重庆银行,银行Ⅱ
002142,宁波银行,银行Ⅱ
002936,郑州银行,银行Ⅱ
601665,齐鲁银行,银行Ⅱ
601658,邮储银行,银行Ⅱ
601229,上海银行,银行Ⅱ
601328,交通银行,银行Ⅱ
000572,海马汽车,乘用车
600104,上汽集团,乘用车
601238,广汽集团,乘用车
601633,长城汽车,乘用车
200625,长  安Ｂ,乘用车
000625,长安汽车,乘用车
600714,金瑞矿业,化学原料
600844,金煤科技,化学原料
900921,金煤B股,化学原料
000510,新金路,化学原料
600367,红星发展,化学原料
003017,大洋生物,化学原料
601678,滨化股份,化学原料
600618,氯碱化工,化学原料
600319,亚星化学,化学原料
900908,氯碱Ｂ股,化学原料
600722,金牛化工,化学原料
000830,鲁西化工,化学原料
603213,镇洋发展,化学原料
600623,华谊集团,化学原料
600075,新疆天业,化学原料
002092,中泰化学,化学原料
002274,华昌化工,化学原料
600935,华塑股份,化学原料
900909,华谊B股,化学原料
000818,航锦科技,化学原料
002748,世龙实业,化学原料
301256,华融化学,化学原料
600929,雪天盐业,化学原料
600784,鲁银投资,化学原料
601216,君正集团,化学原料
000635,英 力 特,化学原料
603299,苏盐井神,化学原料
600989,宝丰能源,化学原料
603067,振华股份,化学原料
601568,北元集团,化学原料
603663,三祥新材,化学原料
000990,诚志股份,化学原料
600746,江苏索普,化学原料
002386,天原股份,化学原料
600328,中盐化工,化学原料
002677,浙江美大,厨房电器
300894,火星人,厨房电器
300911,亿田智能,厨房电器
002035,华帝股份,厨房电器
605336,*ST帅电,厨房电器
002508,老板电器,厨房电器
000582,北部湾港,航运港口
001872,招商港口,航运港口
600018,上港集团,航运港口
000905,厦门港务,航运港口
201872,招港B,航运港口
600717,天津港,航运港口
000088,盐 田 港,航运港口
601008,连云港,航运港口
002040,南 京 港,航运港口
600279,重庆港,航运港口
601228,广州港,航运港口
600017,日照港,航运港口
601326,秦港股份,航运港口
601000,唐山港,航运港口
601880,辽港股份,航运港口
601298,青岛港,航运港口
601018,宁波港,航运港口
002352,顺丰控股,快递
002120,韵达股份,快递
002468,申通快递,快递
600233,圆通速递,快递
603323,苏农银行,农商行Ⅲ
601825,沪农商行,农商行Ⅲ
601860,紫金银行,农商行Ⅲ
600908,无锡银行,农商行Ⅲ
601128,常熟银行,农商行Ⅲ
601077,渝农商行,农商行Ⅲ
002958,青农商行,农商行Ⅲ
002807,江阴银行,农商行Ⅲ
002839,张家港行,农商行Ⅲ
601528,瑞丰银行,农商行Ⅲ
002357,富临运业,公交
603069,海汽集团,公交
600650,锦江在线,公交
600561,江西长运,公交
900914,锦在线B,公交
600834,申通地铁,公交
600611,大众交通,公交
900903,大众Ｂ股,公交
000710,贝瑞基因,诊断服务
300244,迪安诊断,诊断服务
603882,金域医学,诊断服务
300676,华大基因,诊断服务
301060,兰卫医学,诊断服务
000921,海信家电,白色家电
000333,美的集团,白色家电
000651,格力电器,白色家电
301108,洁雅股份,个护用品
603238,诺邦股份,个护用品
605009,豪悦护理,个护用品
301009,可靠股份,个护用品
300888,稳健医疗,个护用品
300658,延江股份,个护用品
001206,依依股份,个护用品
003006,百亚股份,个护用品
002511,中顺洁柔,个护用品
920047,诺思兰德,其他生物制品
688765,禾元生物-U,其他生物制品
920547,无锡晶海,其他生物制品
920344,三元基因,其他生物制品
000518,*ST四环,其他生物制品
688506,百利天恒,其他生物制品
688117,圣诺生物,其他生物制品
301166,优宁维,其他生物制品
688137,近岸蛋白,其他生物制品
300239,东宝生物,其他生物制品
688105,诺唯赞,其他生物制品
688180,君实生物-U,其他生物制品
301047,义翘神州,其他生物制品
688336,三生国健,其他生物制品
688163,赛伦生物,其他生物制品
688488,艾迪药业,其他生物制品
688520,神州细胞,其他生物制品
688177,百奥泰,其他生物制品
301393,昊帆生物,其他生物制品
000661,长春高新,其他生物制品
300485,赛升药业,其他生物制品
002773,康弘药业,其他生物制品
300009,安科生物,其他生物制品
688331,荣昌生物,其他生物制品
688687,凯因科技,其他生物制品
603087,甘李药业,其他生物制品
301080,百普赛斯,其他生物制品
600211,西藏药业,其他生物制品
300357,我武生物,其他生物制品
688278,特宝生物,其他生物制品
600645,中源协和,其他生物制品
603590,康辰药业,其他生物制品
000534,万泽股份,其他生物制品
688293,奥浦迈,其他生物制品
688136,科兴制药,其他生物制品
600867,通化东宝,其他生物制品
688443,智翔金泰-U,其他生物制品
002581,*ST未名,其他生物制品
603527,众源新材,铜
000737,北方铜业,铜
002295,精艺股份,铜
002203,海亮股份,铜
300697,电工合金,铜
601212,白银有色,铜
603979,金诚信,铜
002171,楚江新材,铜
600711,盛屯矿业,铜
600490,鹏欣资源,铜
000878,云南铜业,铜
600362,江西铜业,铜
601609,金田股份,铜
601899,紫金矿业,铜
601168,西部矿业,铜
000630,铜陵有色,铜
603993,洛阳钼业,铜
605066,天正电气,配电设备
603829,洛凯股份,配电设备
300283,温州宏丰,配电设备
002706,良信股份,配电设备
002441,众业达,配电设备
002168,*ST惠程,配电设备
002927,泰永长征,配电设备
002350,北京科锐,配电设备
301386,未来电器,配电设备
002346,柘中股份,配电设备
300670,大烨智能,配电设备
601877,正泰电器,配电设备
301388,欣灵电气,配电设备
300932,三友联众,配电设备
301668,昊创瑞通,配电设备
300341,麦克奥迪,配电设备
601616,广电电气,配电设备
301361,众智科技,配电设备
600468,百利电气,配电设备
300141,和顺电气,配电设备
603861,白云电器,配电设备
688517,金冠电气,配电设备
601567,三星电气,配电设备
301291,明阳电气,配电设备
920111,聚星科技,配电设备
603016,新宏泰,配电设备
603070,万控智造,配电设备
002252,上海莱士,血液制品
002880,卫光生物,血液制品
300318,博晖创新,血液制品
600161,天坛生物,血液制品
300294,博雅生物,血液制品
000403,派林生物,血液制品
603843,*ST正平,基建市政工程
603815,交建股份,基建市政工程
603176,汇通集团,基建市政工程
601611,中国核建,基建市政工程
002628,成都路桥,基建市政工程
300374,中铁装配,基建市政工程
600528,中铁工业,基建市政工程
002061,浙江交科,基建市政工程
600853,龙建股份,基建市政工程
601186,中国铁建,基建市政工程
002307,北新路桥,基建市政工程
601868,中国能建,基建市政工程
601800,中国交建,基建市政工程
002586,ST围海,基建市政工程
002062,宏润建设,基建市政工程
600512,腾达建设,基建市政工程
600502,安徽建工,基建市政工程
600820,隧道股份,基建市政工程
601669,中国电建,基建市政工程
920174,五新隧装,基建市政工程
001396,誉帆科技,基建市政工程
002941,新疆交建,基建市政工程
600284,浦东建设,基建市政工程
300982,苏文电能,基建市政工程
601390,中国中铁,基建市政工程
000498,山东路桥,基建市政工程
600039,四川路桥,基建市政工程
688155,先惠技术,电池
301217,铜冠铜箔,电池
688339,亿华通-U,电池
300438,鹏辉能源,电池
301662,宏工科技,电池
300953,震裕科技,电池
300128,锦富技术,电池
301511,德福科技,电池
301150,中一科技,电池
600152,维科技术,电池
301210,金杨精密,电池
001283,豪鹏科技,电池
301325,曼恩斯特,电池
603032,德新科技,电池
600241,时代万恒,电池
688638,誉辰智能,电池
300457,赢合科技,电池
300648,星云股份,电池
300173,ST福能,电池
688392,骄成超声,电池
002850,科达利,电池
688006,杭可科技,电池
301121,紫建电子,电池
300410,正业科技,电池
920239,长虹能源,电池
300450,先导智能,电池
301513,尚水智能,电池
920523,德瑞锂电,电池
300207,欣旺达,电池
920522,纳科诺尔,电池
688567,孚能科技,电池
920914,远航精密,电池
688063,派能科技,电池
688388,嘉元科技,电池
688573,信宇人,电池
300750,宁德时代,电池
300014,亿纬锂能,电池
301327,华宝新能,电池
600110,诺德股份,电池
920252,天宏锂电,电池
300619,金银河,电池
000049,德赛电池,电池
920237,力佳科技,电池
688499,利元亨,电池
002074,国轩高科,电池
002245,蔚蓝锂芯,电池
688345,博力威,电池
920152,昆工科技,电池
688772,珠海冠宇,电池
920779,武汉蓝电,电池
301587,中瑞股份,电池
600478,科力远,电池
603737,三棵树,涂料
603378,亚士创能,涂料
600448,华纺股份,印染
600987,航民股份,印染
605055,迎丰股份,印染
605189,富春染织,印染
603155,新亚强,有机硅
002909,集泰股份,有机硅
002211,ST宏达,有机硅
605399,晨光新材,有机硅
300019,硅宝科技,有机硅
300727,润禾材料,有机硅
300041,回天新材,有机硅
603281,江瀚新材,有机硅
603260,合盛硅业,有机硅
300821,东岳硅材,有机硅
603389,*ST亚振,成品家居
603818,曲美家居,成品家居
920132,泰鹏智能,成品家居
301336,趣睡科技,成品家居
603610,麒盛科技,成品家居
603848,好太太,成品家居
603600,永艺股份,成品家居
603709,中源家居,成品家居
603816,顾家家居,成品家居
001323,慕思股份,成品家居
002489,浙江永强,成品家居
301061,匠心家居,成品家居
603661,恒林股份,成品家居
603008,ST喜临门,成品家居
301376,致欧科技,成品家居
603313,梦百合,成品家居
600337,美克家居,成品家居
001257,盛龙股份,钼
601958,金钼股份,钼
600779,水井坊,白酒Ⅱ
000799,酒鬼酒,白酒Ⅱ
600809,山西汾酒,白酒Ⅱ
600197,伊力特,白酒Ⅱ
000995,皇台酒业,白酒Ⅱ
600199,金种子酒,白酒Ⅱ
000860,顺鑫农业,白酒Ⅱ
002646,天佑德酒,白酒Ⅱ
002304,洋河股份,白酒Ⅱ
600702,舍得酒业,白酒Ⅱ
600519,贵州茅台,白酒Ⅱ
603369,今世缘,白酒Ⅱ
000858,五 粮 液,白酒Ⅱ
600559,老白干酒,白酒Ⅱ
000568,泸州老窖,白酒Ⅱ
000596,古井贡酒,白酒Ⅱ
603589,口子窖,白酒Ⅱ
603919,金徽酒,白酒Ⅱ
603198,迎驾贡酒,白酒Ⅱ
200596,古井贡Ｂ,白酒Ⅱ
600696,*ST岩石,白酒Ⅱ
002403,爱仕达,厨房小家电
002242,九阳股份,厨房小家电
920926,鸿智科技,厨房小家电
300824,北鼎股份,厨房小家电
001259,利仁科技,厨房小家电
200512,闽灿坤Ｂ,厨房小家电
002005,ST德豪,厨房小家电
002032,苏 泊 尔,厨房小家电
002959,小熊电器,厨房小家电
002705,新宝股份,厨房小家电
603215,比依股份,厨房小家电
600895,张江高科,产业地产
600658,电子城,产业地产
600463,空港股份,产业地产
600082,ST海泰,产业地产
900928,临港B股,产业地产
600604,市北高新,产业地产
900902,市北B股,产业地产
600848,上海临港,产业地产
900911,金桥Ｂ股,产业地产
900912,外高Ｂ股,产业地产
601512,中新集团,产业地产
600648,外高桥,产业地产
600639,浦东金桥,产业地产
600340,华夏幸福,产业地产
600966,博汇纸业,大宗用纸
603165,荣晟环保,大宗用纸
605500,森林包装,大宗用纸
603863,松炀资源,大宗用纸
002067,景兴纸业,大宗用纸
603284,林平发展,大宗用纸
600963,岳阳林纸,大宗用纸
600567,山鹰国际,大宗用纸
000488,ST晨鸣,大宗用纸
002078,太阳纸业,大宗用纸
600308,华泰股份,大宗用纸
200488,ST晨鸣B,大宗用纸
002721,金一文化,饰品
603900,莱绅通灵,饰品
200017,深中华B,饰品
200026,飞亚达Ｂ,饰品
002574,明牌珠宝,饰品
000026,飞亚达,饰品
600916,中国黄金,饰品
000017,深中华A,饰品
900905,老凤祥Ｂ,饰品
301177,迪阿股份,饰品
600612,老凤祥,饰品
002867,周大生,饰品
300945,曼卡龙,饰品
002731,ST萃华,饰品
002345,潮宏基,饰品
605599,菜百股份,饰品
600379,宝光股份,输变电设备
301002,崧盛股份,输变电设备
301295,美硕科技,输变电设备
300062,中能电气,输变电设备
002452,长高电新,输变电设备
600192,长城电工,输变电设备
002298,中电鑫龙,输变电设备
920062,科润智控,输变电设备
600312,平高电气,输变电设备
688676,金盘科技,输变电设备
300423,昇辉科技,输变电设备
002028,思源电气,输变电设备
002112,三变科技,输变电设备
600550,保变电气,输变电设备
002358,森源电气,输变电设备
601179,中国西电,输变电设备
603312,西典新能,输变电设备
600089,特变电工,输变电设备
603097,江苏华辰,输变电设备
301120,新特电气,输变电设备
300617,安靠智电,输变电设备
600525,ST长园,输变电设备
301012,扬电科技,输变电设备
300001,特锐德,输变电设备
920046,亿能电力,输变电设备
603191,望变电气,输变电设备
002270,华明装备,输变电设备
920496,许昌智能,输变电设备
000533,顺钠股份,输变电设备
300444,双杰电气,输变电设备
600792,云煤能源,焦炭Ⅱ
000723,美锦能源,焦炭Ⅱ
600997,开滦股份,焦炭Ⅱ
601011,宝泰隆,焦炭Ⅱ
600408,安泰集团,焦炭Ⅱ
601015,陕西黑猫,焦炭Ⅱ
600740,山西焦化,焦炭Ⅱ
002255,海陆重工,火电设备
300105,龙源技术,火电设备
002534,西子洁能,火电设备
002630,*ST华西,火电设备
001387,雪祺电气,冰洗
600336,澳柯玛,冰洗
002668,TCL智家,冰洗
000521,长虹美菱,冰洗
600690,海尔智家,冰洗
200521,虹美菱B,冰洗
600983,惠而浦,冰洗
200016,*ST康佳B,冰洗
000016,*ST康佳A,冰洗
002650,ST加加,调味发酵品Ⅱ
603696,安记食品,调味发酵品Ⅱ
920726,朱老六,调味发酵品Ⅱ
600305,恒顺醋业,调味发酵品Ⅱ
603755,日辰股份,调味发酵品Ⅱ
002495,佳隆股份,调味发酵品Ⅱ
300908,仲景食品,调味发酵品Ⅱ
002507,涪陵榨菜,调味发酵品Ⅱ
603317,天味食品,调味发酵品Ⅱ
600186,莲花控股,调味发酵品Ⅱ
603288,海天味业,调味发酵品Ⅱ
600298,安琪酵母,调味发酵品Ⅱ
603170,宝立食品,调味发酵品Ⅱ
600872,中炬高新,调味发酵品Ⅱ
603027,千禾味业,调味发酵品Ⅱ
002320,海峡股份,航运
603565,中谷物流,航运
600798,宁波海运,航运
001205,盛航股份,航运
601872,招商轮船,航运
600428,中远海特,航运
600026,中远海能,航运
603209,兴通股份,航运
601022,宁波远洋,航运
000520,凤凰航运,航运
920571,国航远洋,航运
900938,海科B,航运
600179,安通控股,航运
601866,中远海发,航运
601919,中远海控,航运
601975,招商南油,航运
603162,海通发展,航运
600751,海航科技,航运
603167,渤海轮渡,航运
601083,锦江航运,航运
300769,德方纳米,电池化学品
300477,ST合纵,电池化学品
002805,丰元股份,电池化学品
002759,天际股份,电池化学品
688733,壹石通,电池化学品
002709,天赐材料,电池化学品
300432,富临精工,电池化学品
002125,湘潭电化,电池化学品
001301,尚太科技,电池化学品
301152,天力锂能,电池化学品
603906,龙蟠科技,电池化学品
301238,瑞泰新材,电池化学品
002079,苏州固锝,电池化学品
300390,天华新能,电池化学品
920809,安达科技,电池化学品
688148,芳源股份,电池化学品
000695,滨海能源,电池化学品
301349,信德新材,电池化学品
300340,科恒股份,电池化学品
688116,天奈科技,电池化学品
300568,星源材质,电池化学品
688184,ST帕瓦,电池化学品
600884,杉杉股份,电池化学品
301487,盟固利,电池化学品
002812,恩捷股份,电池化学品
300409,道氏技术,电池化学品
300073,当升科技,电池化学品
300919,中伟新材,电池化学品
300037,新宙邦,电池化学品
688778,厦钨新能,电池化学品
603659,璞泰来,电池化学品
603026,石大胜华,电池化学品
688707,振华新材,电池化学品
920185,贝特瑞,电池化学品
688779,五矿新能,电池化学品
300890,翔丰华,电池化学品
301358,湖南裕能,电池化学品
688275,万润新能,电池化学品
002340,格林美,电池化学品
300035,中科电气,电池化学品
301292,海科新源,电池化学品
688005,容百科技,电池化学品
688353,华盛锂电,电池化学品
300321,同大股份,聚氨酯
603041,美思德,聚氨酯
920261,一诺威,聚氨酯
600309,万华化学,聚氨酯
002165,红 宝 丽,聚氨酯
300200,高盟新材,聚氨酯
300848,美瑞新材,聚氨酯
600230,沧州大化,聚氨酯
603192,汇得科技,聚氨酯
601916,浙商银行,股份制银行Ⅲ
601998,中信银行,股份制银行Ⅲ
000001,平安银行,股份制银行Ⅲ
600036,招商银行,股份制银行Ⅲ
600016,民生银行,股份制银行Ⅲ
600000,浦发银行,股份制银行Ⅲ
601818,光大银行,股份制银行Ⅲ
601166,兴业银行,股份制银行Ⅲ
600015,华夏银行,股份制银行Ⅲ
000558,天府文旅,旅游及景区
000796,凯撒旅业,旅游及景区
600706,曲江文旅,旅游及景区
002707,众信旅游,旅游及景区
300144,宋城演艺,旅游及景区
000610,*ST西旅,旅游及景区
600593,大连圣亚,旅游及景区
002627,三峡旅游,旅游及景区
002059,云南旅游,旅游及景区
600138,中青旅,旅游及景区
000524,岭南控股,旅游及景区
900929,锦旅Ｂ股,旅游及景区
603402,陕西旅游,旅游及景区
000688,国城矿业,铅锌
000060,中金岭南,铅锌
000751,锌业股份,铅锌
600338,西藏珠峰,铅锌
000758,中色股份,铅锌
600497,驰宏锌锗,铅锌
002114,罗平锌电,铅锌
603132,金徽股份,铅锌
601020,华钰矿业,铅锌
600531,豫光金铅,铅锌
920634,新威凌,铅锌
600961,株冶集团,铅锌
301118,恒光股份,其他化学原料
000691,*ST亚太,其他化学原料
002648,卫星化学,其他化学原料
920489,佳先股份,其他化学原料
900906,中毅达B,其他化学原料
600423,*ST柳化,其他化学原料
600610,中毅达,其他化学原料
301190,善水科技,其他化学原料
001217,华尔泰,其他化学原料
301069,凯盛新材,其他化学原料
002469,三维化学,其他化学原料
300927,江天化学,其他化学原料
600955,维远股份,其他化学原料
920304,迪尔化工,其他化学原料
603938,三孚股份,其他化学原料
300082,奥克股份,其他化学原料
603113,金能科技,其他化学原料
002109,兴化股份,其他化学原料
600250,南京商旅,贸易Ⅱ
600725,云维股份,贸易Ⅱ
000701,厦门信达,贸易Ⅱ
000151,中成股份,贸易Ⅱ
600128,苏豪弘业,贸易Ⅱ
600287,苏豪时尚,贸易Ⅱ
603071,物产环能,贸易Ⅱ
600981,苏豪汇鸿,贸易Ⅱ
600278,东方创业,贸易Ⅱ
601061,中信金属,贸易Ⅱ
600058,五矿发展,贸易Ⅱ
002072,凯瑞德,贸易Ⅱ
600710,苏美达,贸易Ⅱ
002183,怡 亚 通,贸易Ⅱ
002091,江苏国泰,贸易Ⅱ
600608,*ST沪科,贸易Ⅱ
603395,红四方,复合肥
300387,富邦科技,复合肥
002538,ST司特,复合肥
920159,农大科技,复合肥
002539,云图控股,复合肥
002999,天禾股份,复合肥
002170,芭田股份,复合肥
000902,新洋丰,复合肥
002588,史丹利,复合肥
002470,金正大,复合肥
688669,聚石化学,改性塑料
688219,会通股份,改性塑料
002886,沃特股份,改性塑料
301131,聚赛龙,改性塑料
920066,科拜尔,改性塑料
300644,南京聚隆,改性塑料
301538,骏鼎达,改性塑料
600143,金发科技,改性塑料
300221,银禧科技,改性塑料
300478,杭州高新,改性塑料
920089,禾昌聚合,改性塑料
300538,同益股份,改性塑料
300834,星辉环材,改性塑料
300995,奇德新材,改性塑料
688203,海正生材,改性塑料
002838,道恩股份,改性塑料
002324,普利特,改性塑料
002768,国恩股份,改性塑料
300586,美联新材,改性塑料
301003,江苏博云,改性塑料
920469,富恒新材,改性塑料
300716,ST泉为,改性塑料
002716,湖南白银,白银
000426,兴业银锡,白银
000603,盛达资源,白银
301160,翔楼新材,钢铁
900936,鄂资Ｂ股,钢铁
300881,盛德鑫泰,钢铁
600516,方大炭素,钢铁
001203,大中矿业,钢铁
600295,鄂尔多斯,钢铁
600117,西宁特钢,钢铁
002443,金洲管道,钢铁
002075,沙钢股份,钢铁
002318,久立特材,钢铁
000825,太钢不锈,钢铁
603995,甬金股份,钢铁
000629,钒钛股份,钢铁
000655,金岭矿业,钢铁
000708,中信特钢,钢铁
600507,方大特钢,钢铁
002478,常宝股份,钢铁
600399,抚顺特钢,钢铁
000923,河钢资源,钢铁
601121,宝地矿业,钢铁
600382,广东明珠,钢铁
688186,广大特材,钢铁
600777,*ST新潮,油气开采Ⅱ
000968,蓝焰控股,油气开采Ⅱ
600938,中国海油,油气开采Ⅱ
601969,海南矿业,油气开采Ⅱ
600759,ST洲际,油气开采Ⅱ
900913,国新B股,公用事业
001331,胜通能源,公用事业
600617,国新能源,公用事业
920014,特瑞斯,公用事业
603706,东方环宇,公用事业
603689,皖天然气,公用事业
920010,凯添燃气,公用事业
002911,佛燃能源,公用事业
603080,新疆火炬,公用事业
002700,万憬能源,公用事业
000407,胜利股份,公用事业
605368,蓝天燃气,公用事业
603053,成都燃气,公用事业
002259,升达林业,公用事业
600917,重庆燃气,公用事业
600903,贵州燃气,公用事业
600681,百川能源,公用事业
300483,首华燃气,公用事业
605169,洪通燃气,公用事业
600333,长春燃气,公用事业
002267,陕天然气,公用事业
300332,天壕能源,公用事业
300435,中泰股份,公用事业
601139,深圳燃气,公用事业
603318,水发燃气,公用事业
000669,ST金鸿,公用事业
605090,九丰能源,公用事业
600635,大众公用,公用事业
001299,美能能源,公用事业
000593,德龙汇能,公用事业
600803,新奥股份,公用事业
603393,新天然气,公用事业
601065,江盐集团,纯碱
000707,双环科技,纯碱
000683,博源化工,纯碱
600409,三友化工,纯碱
000822,山东海化,纯碱
600727,鲁北化工,钛白粉
000545,金浦钛业,钛白粉
002601,龙佰集团,钛白粉
002136,安 纳 达,钛白粉
300891,惠云钛业,钛白粉
002145,钛能化学,钛白粉
600249,两面针,洗护用品
603193,润本股份,洗护用品
603059,倍加洁,洗护用品
001328,登康口腔,洗护用品
900942,黄山Ｂ股,自然景区
600576,祥源文旅,自然景区
600054,黄山旅游,自然景区
603099,长白山,自然景区
000888,峨眉山Ａ,自然景区
603136,天目湖,自然景区
300859,西域旅游,自然景区
603199,九华旅游,自然景区
000430,ST张家界,自然景区
000978,桂林旅游,自然景区
002033,丽江股份,自然景区
600749,西藏旅游,自然景区
002159,三特索道,自然景区
600052,东望时代,电力
000803,山高环能,电力
600226,亨通股份,电力
002616,长青集团,电力
600982,宁波能源,电力
600149,廊坊发展,电力
600900,长江电力,电力
600483,福能股份,电力
600505,西昌电力,电力
002893,京能热力,电力
600868,梅雁吉祥,电力
003816,中国广核,电力
000692,惠天热电,电力
600236,桂冠电力,电力
605580,恒盛能源,电力
600719,大连热电,电力
001210,金房能源,电力
002479,富春环保,电力
605011,杭州热电,电力
600886,国投电力,电力
600475,华光环能,电力
601985,中国核电,电力
000883,湖北能源,电力
600116,三峡水利,电力
000631,顺发恒能,电力
600674,川投能源,电力
600969,郴电国际,电力
001376,百通能源,电力
600167,联美控股,电力
000875,电投绿能,电力
600101,明星电力,电力
300335,迪森股份,电力
600025,华能水电,电力
000958,电投产融,电力
000993,闽东电力,电力
600995,南网储能,电力
002039,黔源电力,电力
000722,湖南发展,电力
600644,乐山电力,电力
000601,韶能股份,电力
600452,涪陵电力,电力
600310,广西能源,电力
605162,新中港,电力
002060,广东建工,电力
600979,广安爱众,电力
300040,九洲集团,电力
605028,世茂能源,电力
003035,南网能源,电力
002015,协鑫能科,电力
000615,*ST美谷,医疗美容
000672,上峰水泥,水泥制造
600802,福建水泥,水泥制造
600326,西藏天路,水泥制造
600449,宁夏建材,水泥制造
600425,青松建化,水泥制造
000789,万年青,水泥制造
600585,海螺水泥,水泥制造
000877,天山股份,水泥制造
600668,尖峰集团,水泥制造
601992,金隅集团,水泥制造
600801,华新建材,水泥制造
600678,ST金顶,水泥制造
002233,塔牌集团,水泥制造
000401,金隅冀东,水泥制造
603799,华友钴业,镍
600733,北汽蓝谷,电动乘用车
601127,赛力斯,电动乘用车
002594,比亚迪,电动乘用车
600303,曙光股份,商用车
000868,安凯客车,商用车
000957,中通客车,商用车
600066,宇通客车,商用车
600686,金龙汽车,商用车
002605,姚记科技,游戏Ⅱ
002919,名臣健康,游戏Ⅱ
300459,汤姆猫,游戏Ⅱ
300002,神州泰岳,游戏Ⅱ
300315,掌趣科技,游戏Ⅱ
002174,游族网络,游戏Ⅱ
300299,富春股份,游戏Ⅱ
300031,宝通科技,游戏Ⅱ
002425,凯撒文化,游戏Ⅱ
600715,文投控股,游戏Ⅱ
002517,恺英网络,游戏Ⅱ
300467,迅游科技,游戏Ⅱ
300494,盛天网络,游戏Ⅱ
300043,星辉娱乐,游戏Ⅱ
002558,巨人网络,游戏Ⅱ
603444,吉比特,游戏Ⅱ
002555,三七互娱,游戏Ⅱ
300113,顺网科技,游戏Ⅱ
600633,浙数文化,游戏Ⅱ
603258,电魂网络,游戏Ⅱ
300533,冰川网络,游戏Ⅱ
600892,*ST大晟,游戏Ⅱ
300052,中青宝,游戏Ⅱ
002624,完美世界,游戏Ⅱ
002602,世纪华通,游戏Ⅱ
600375,汉马科技,商用载货车
301039,中集车辆,商用载货车
200550,江  铃Ｂ,商用载货车
600006,东风股份,商用载货车
600418,江淮汽车,商用载货车
000550,江铃汽车,商用载货车
000951,中国重汽,商用载货车
000800,一汽解放,商用载货车
600166,福田汽车,商用载货车
920670,数字人,其他医疗服务
603108,润达医疗,其他医疗服务
603122,合富中国,其他医疗服务
688315,诺禾致源,其他医疗服务
000504,*ST生物,其他医疗服务
920982,锦波生物,医美耗材
300896,爱美客,医美耗材
688363,华熙生物,医美耗材
300673,佩蒂股份,宠物食品
920419,路斯股份,宠物食品
301498,乖宝宠物,宠物食品
002891,中宠股份,宠物食品
600901,江苏金租,租赁
000415,渤海租赁,租赁
603300,海南华铁,租赁
000792,盐湖股份,钾肥
000408,藏格矿业,钾肥
000893,亚钾国际,钾肥
002545,东方铁塔,钾肥
300413,芒果超媒,视频媒体
600586,金晶科技,玻璃玻纤
002613,北玻股份,玻璃玻纤
600293,三峡新材,玻璃玻纤
900918,耀皮Ｂ股,玻璃玻纤
600819,耀皮玻璃,玻璃玻纤
000012,南  玻Ａ,玻璃玻纤
200012,南  玻Ｂ,玻璃玻纤
601636,旗滨集团,玻璃玻纤
600876,凯盛新能,玻璃玻纤
603650,彤程新材,橡胶助剂
300121,阳谷华泰,橡胶助剂
603533,掌阅科技,文字媒体
300364,中文在线,文字媒体
001289,龙源电力,风力发电
600163,中闽能源,风力发电
600905,三峡能源,风力发电
000507,珠海港,风力发电
000595,*ST宝实,风力发电
002053,云南能投,风力发电
001258,立新能源,风力发电
600930,华电新能,风力发电
601619,嘉泽新能,风力发电
600956,新天绿能,风力发电
603693,江苏新能,风力发电
000862,银星能源,风力发电
000537,绿发电力,风力发电
601016,节能风电,风力发电
000155,川能动力,风力发电
000717,中南股份,普钢
601686,友发集团,普钢
603878,武进不锈,普钢
002110,三钢闽光,普钢
000778,新兴铸管,普钢
600231,凌钢股份,普钢
600331,宏达股份,磷肥及磷化工
600078,澄星股份,磷肥及磷化工
600096,云天化,磷肥及磷化工
300505,川金诺,磷肥及磷化工
002312,川发龙蟒,磷肥及磷化工
600470,六国化工,磷肥及磷化工
603077,和邦生物,磷肥及磷化工
600141,兴发集团,磷肥及磷化工
002895,川恒股份,磷肥及磷化工
600581,*ST八钢,板材
600282,南钢股份,板材
601005,重庆钢铁,板材
600808,马钢股份,板材
600307,酒钢宏兴,板材
600022,山东钢铁,板材
000898,鞍钢股份,板材
600010,包钢股份,板材
600782,新钢股份,板材
600019,宝钢股份,板材
000761,本钢板材,板材
000959,首钢股份,板材
200761,本钢板Ｂ,板材
600126,杭钢股份,板材
600569,安阳钢铁,板材
000709,河钢股份,板材
000932,华菱钢铁,板材
601003,柳钢股份,板材
920640,富士达,通信线缆及配套
300913,兆龙互连,通信线缆及配套
300563,神宇股份,通信线缆及配套
000586,汇源通信,通信线缆及配套
600105,永鼎股份,通信线缆及配套
688143,长盈通,通信线缆及配套
600487,亨通光电,通信线缆及配套
603042,华脉科技,通信线缆及配套
600522,中天科技,通信线缆及配套
601869,长飞光纤,通信线缆及配套
002491,通鼎互联,通信线缆及配套
000070,特发信息,通信线缆及配套
900934,锦江Ｂ股,酒店餐饮
000428,华天酒店,酒店餐饮
600258,首旅酒店,酒店餐饮
301073,君亭酒店,酒店餐饮
600754,锦江酒店,酒店餐饮
601007,金陵饭店,酒店餐饮
600509,天富能源,火力发电
000543,皖能电力,火力发电
001286,陕西能源,火力发电
600023,浙能电力,火力发电
600011,华能国际,火力发电
600642,申能股份,火力发电
600027,华电国际,火力发电
200037,深南电B,火力发电
600578,京能电力,火力发电
600021,上海电力,火力发电
600863,华能蒙电,火力发电
000037,深南电A,火力发电
600157,永泰能源,火力发电
000690,宝新能源,火力发电
600780,通宝能源,火力发电
000027,深圳能源,火力发电
002608,江苏国信,火力发电
600098,广州发展,火力发电
200539,粤电力Ｂ,火力发电
000966,长源电力,火力发电
600795,国电电力,火力发电
000600,建投能源,火力发电
600575,淮河能源,火力发电
601991,大唐发电,火力发电
000531,穗恒运Ａ,火力发电
900937,华电B股,火力发电
000899,赣能股份,火力发电
000767,晋控电力,火力发电
000791,甘肃能源,火力发电
600744,华银电力,火力发电
600396,华电辽能,火力发电
000539,粤电力Ａ,火力发电
600726,华电能源,火力发电
001896,豫能控股,火力发电
000731,四川美丰,氮肥
600691,潞化科技,氮肥
000422,湖北宜化,氮肥
600426,华鲁恒升,氮肥
600227,赤天化,氮肥
000912,泸天化,氮肥
600439,瑞贝卡,其他饰品
600735,ST新华锦,其他饰品
300125,*ST聆达,光伏发电
002617,露笑科技,光伏发电
002256,兆新股份,光伏发电
002480,新筑股份,光伏发电
601908,京运通,光伏发电
603105,芯能科技,光伏发电
002218,拓日新能,光伏发电
300317,珈伟新能,光伏发电
000591,太阳能,光伏发电
002310,东方新能,光伏发电
600032,浙江新能,光伏发电
601778,晶科科技,光伏发电
600821,金开新能,光伏发电
000721,西安饮食,餐饮
002186,全 聚 德,餐饮
002306,*ST云网,餐饮
605108,同庆楼,餐饮
600684,珠江股份,房地产综合服务
603256,宏和科技,玻纤制造
601112,振石股份,玻纤制造
002080,中材科技,玻纤制造
300196,长海股份,玻纤制造
600176,中国巨石,玻纤制造
605006,山东玻纤,玻纤制造
002201,九鼎新材,玻纤制造
301526,国际复材,玻纤制造
603031,安孚科技,蓄电池及其他电池
600847,万里股份,蓄电池及其他电池
605378,野马电池,蓄电池及其他电池
301222,浙江恒威,蓄电池及其他电池
601311,骆驼股份,蓄电池及其他电池
920627,力王股份,蓄电池及其他电池
002580,圣阳股份,蓄电池及其他电池
002733,雄韬股份,蓄电池及其他电池
688819,天能股份,蓄电池及其他电池
300068,ST南都,蓄电池及其他电池
