N,mode,p_cap,capital,leg_budget,budget_ok,legs,drop_pct,drop_cap_pct,degrade_pct,full_pct,cap_med,cap_p10,gross_bp,gross_t,fee_bp,impact_bp,net_bp,net_t,net_bp_w,pnl_constr,pnl_unconstr,retain_pct
4,M1_auction,0.05,1000000.0,62500.0,True,328,3.048780487804878,3.048780487804878,0.3048780487804878,96.64634146341463,918632.4907500001,136468.2570225,144.5806362244496,6.635890255962619,6.908000000000001,8.551864840024459,121.31165125760197,5.675498390882473,121.29457853254604,241057.76035896153,282228.9042601217,85.41214479463308
4,M1_auction,0.05,5000000.0,312500.0,True,328,3.048780487804878,3.048780487804878,16.463414634146343,80.48780487804879,918632.4907500001,136468.2570225,144.5806362244496,6.635890255962619,6.908000000000001,17.42296871478469,112.44054738284171,5.27801212676075,119.07373233884613,1092129.9026518543,1411144.5213006085,77.39320007034232
4,M1_auction,0.05,10000000.0,625000.0,True,328,3.048780487804878,3.048780487804878,37.5,59.45121951219512,918632.4907500001,136468.2570225,144.5806362244496,6.635890255962619,6.908000000000001,21.783742091720914,108.0797740059055,5.093145598493728,125.05430738217868,2032504.4004680137,2822289.042601217,72.01616736585976
4,M1_auction,0.1,1000000.0,62500.0,True,328,0.3048780487804878,0.3048780487804878,0.3048780487804878,99.39024390243902,1837264.9815000002,272936.514045,144.5806362244496,6.635890255962619,6.908000000000001,9.48155214000321,128.6332267028698,5.950887773651593,128.60966697046345,262832.2916169184,282228.9042601217,93.12734721695053
4,M1_auction,0.1,5000000.0,312500.0,True,328,0.3048780487804878,0.3048780487804878,10.975609756097562,88.71951219512195,1837264.9815000002,272936.514045,144.5806362244496,6.635890255962619,6.908000000000001,19.279232117063952,118.83554672580904,5.522431069538878,115.18767936013657,1119520.9534354163,1411144.5213006085,79.33425220002188
4,M1_auction,0.1,10000000.0,625000.0,True,328,0.3048780487804878,0.3048780487804878,19.20731707317073,80.48780487804879,1837264.9815000002,272936.514045,144.5806362244496,6.635890255962619,6.908000000000001,25.317821289449657,112.79695755342334,5.252094075620862,113.1151015753211,2084038.84198846,2822289.042601217,73.84214765145619
4,M1_auction,0.2,1000000.0,62500.0,True,328,0.3048780487804878,0.3048780487804878,0.0,99.6951219512195,3674529.9630000005,545873.02809,144.5806362244496,6.635890255962619,6.908000000000001,9.48316852275877,128.63161032011422,5.950841489930023,128.63161032011422,262890.85359173344,282228.9042601217,93.1480970317041
4,M1_auction,0.2,5000000.0,312500.0,True,328,0.3048780487804878,0.3048780487804878,5.182926829268292,94.51219512195121,3674529.9630000005,545873.02809,144.5806362244496,6.635890255962619,6.908000000000001,20.434787294033754,117.67999154883924,5.493253179802708,114.63630029044442,1153865.1955674677,1411144.5213006085,81.76803850706841
4,M1_auction,0.2,10000000.0,625000.0,True,328,0.3048780487804878,0.3048780487804878,10.975609756097562,88.71951219512195,3674529.9630000005,545873.02809,144.5806362244496,6.635890255962619,6.908000000000001,27.264951532090798,110.84982731078219,5.181070844137821,107.57663789125138,2091096.9105098476,2822289.042601217,74.09223077245653
4,M2_bar30,0.05,1000000.0,62500.0,True,328,3.353658536585366,3.353658536585366,0.0,96.64634146341463,2019363.8,160618.51,144.5806362244496,6.635890255962619,6.908000000000001,6.931455507668775,117.88856359458819,5.708039933828561,117.88856359458818,233566.71662177786,282228.9042601217,82.75790080186351
4,M2_bar30,0.05,5000000.0,312500.0,True,328,3.353658536585366,3.353658536585366,11.585365853658537,85.0609756097561,2019363.8,160618.51,144.5806362244496,6.635890255962619,6.908000000000001,14.130945002565811,110.68907409969114,5.370699039514671,114.90744575361241,1071400.8564849054,1411144.5213006085,75.9242473263779
4,M2_bar30,0.05,10000000.0,625000.0,True,328,3.353658536585366,3.353658536585366,21.646341463414632,75.0,2019363.8,160618.51,144.5806362244496,6.635890255962619,6.908000000000001,18.201363838227124,106.61865526402984,5.185352033804319,115.62547792695293,2027109.2880031555,2822289.042601217,71.82500648958447
4,M2_bar30,0.1,1000000.0,62500.0,True,328,1.8292682926829267,1.8292682926829267,0.0,98.17073170731707,4038727.6,321237.02,144.5806362244496,6.635890255962619,6.908000000000001,7.417605582510001,117.93178589900617,5.703804245216607,117.93178589900614,237337.71912174992,282228.9042601217,84.09405115466241
4,M2_bar30,0.1,5000000.0,312500.0,True,328,1.8292682926829267,1.8292682926829267,7.621951219512195,90.54878048780488,4038727.6,321237.02,144.5806362244496,6.635890255962619,6.908000000000001,15.504681935475077,109.84470954604109,5.323659159728688,112.50881300549659,1095666.4576681366,1411144.5213006085,77.64381614565562
4,M2_bar30,0.1,10000000.0,625000.0,True,328,1.8292682926829267,1.8292682926829267,13.109756097560975,85.0609756097561,4038727.6,321237.02,144.5806362244496,6.635890255962619,6.908000000000001,20.397817562346045,104.9515739191701,5.0933535586816,109.22404252808425,2041931.0139099713,2822289.042601217,72.35017331988031
4,M2_bar30,0.2,1000000.0,62500.0,True,328,1.2195121951219512,1.2195121951219512,0.0,98.78048780487805,8077455.2,642474.04,144.5806362244496,6.635890255962619,6.908000000000001,8.053708078125215,120.39875100380092,5.739529476933087,120.39875100380092,243807.47078269685,282228.9042601217,86.38642857004717
4,M2_bar30,0.2,5000000.0,312500.0,True,328,1.2195121951219512,1.2195121951219512,3.9634146341463414,94.8170731707317,8077455.2,642474.04,144.5806362244496,6.635890255962619,6.908000000000001,16.860524539608516,111.5919345423176,5.331329374407352,109.63227196336167,1096220.0943986834,1411144.5213006085,77.68304931576611
4,M2_bar30,0.2,10000000.0,625000.0,True,328,1.2195121951219512,1.2195121951219512,8.231707317073171,90.54878048780488,8077455.2,642474.04,144.5806362244496,6.635890255962619,6.908000000000001,22.4900447126162,105.96241436930993,5.0686878878008725,106.63319542451211,2078289.6990731966,2822289.042601217,73.6384426861432
8,M1_auction,0.05,1000000.0,31250.0,False,656,100.0,1.8292682926829267,0.0,0.0,1030483.3577999999,204533.35175,120.63236583039819,7.911902656350362,6.908000000000001,,,,,0.0,233134.94995231624,0.0
8,M1_auction,0.05,5000000.0,156250.0,True,656,1.8292682926829267,1.8292682926829267,6.554878048780488,91.61585365853658,1030483.3577999999,204533.35175,120.63236583039819,7.911902656350362,6.908000000000001,12.354474097726465,97.51660264476875,6.469005153900511,98.11642729009182,967249.0307591271,1165674.7497615812,82.9776085444899
8,M1_auction,0.05,10000000.0,312500.0,True,656,1.8292682926829267,1.8292682926829267,13.871951219512196,84.29878048780488,1030483.3577999999,204533.35175,120.63236583039819,7.911902656350362,6.908000000000001,16.671435189373184,93.19964155312206,6.195825519465399,96.49736587943514,1825010.1606962744,2331349.4995231624,78.28127704874575
8,M1_auction,0.1,1000000.0,31250.0,False,656,100.0,0.3048780487804878,0.0,0.0,2060966.7155999998,409066.7035,120.63236583039819,7.911902656350362,6.908000000000001,,,,,0.0,233134.94995231624,0.0
8,M1_auction,0.1,5000000.0,156250.0,True,656,0.3048780487804878,0.3048780487804878,2.8963414634146343,96.79878048780488,2060966.7155999998,409066.7035,120.63236583039819,7.911902656350362,6.908000000000001,13.124816104665758,100.96845604325657,6.674103989562728,99.2118779113544,1005534.7622047975,1165674.7497615812,86.26203513548376
8,M1_auction,0.1,10000000.0,312500.0,True,656,0.3048780487804878,0.3048780487804878,8.079268292682928,91.61585365853658,2060966.7155999998,409066.7035,120.63236583039819,7.911902656350362,6.908000000000001,17.88280204466529,96.21047010325702,6.370713395649749,94.13873420240084,1864569.83896621,2331349.4995231624,79.97813452455652
8,M1_auction,0.2,1000000.0,31250.0,False,656,100.0,0.3048780487804878,0.0,0.0,4121933.4311999995,818133.407,120.63236583039819,7.911902656350362,6.908000000000001,,,,,0.0,233134.94995231624,0.0
8,M1_auction,0.2,5000000.0,156250.0,True,656,0.3048780487804878,0.3048780487804878,0.3048780487804878,99.39024390243902,4121933.4311999995,818133.407,120.63236583039819,7.911902656350362,6.908000000000001,13.382214235050732,100.71105791287158,6.665234989921321,100.55725551148817,1027225.0389034913,1165674.7497615812,88.12278374508779
8,M1_auction,0.2,10000000.0,312500.0,True,656,0.3048780487804878,0.3048780487804878,2.8963414634146343,96.79878048780488,4121933.4311999995,818133.407,120.63236583039819,7.911902656350362,6.908000000000001,18.561292938871134,95.53197920905117,6.341068941907102,93.88109329697595,1903012.1153083695,2331349.4995231624,81.62706259604569
8,M2_bar30,0.05,1000000.0,31250.0,False,656,100.0,1.676829268292683,0.0,0.0,1914396.35,295630.325,120.63236583039819,7.911902656350362,6.908000000000001,,,,,0.0,233134.94995231624,0.0
8,M2_bar30,0.05,5000000.0,156250.0,True,656,1.676829268292683,1.676829268292683,4.115853658536586,94.20731707317073,1914396.35,295630.325,120.63236583039819,7.911902656350362,6.908000000000001,10.388031882658655,96.61120123135248,6.531830649045411,97.87603754673671,973905.0941238094,1165674.7497615812,83.5486137383524
8,M2_bar30,0.05,10000000.0,312500.0,True,656,1.676829268292683,1.676829268292683,9.146341463414634,89.17682926829268,1914396.35,295630.325,120.63236583039819,7.911902656350362,6.908000000000001,14.077272277326072,92.92196083668506,6.291802239206945,94.45282386504147,1828872.1028640736,2331349.4995231624,78.44692969621835
8,M2_bar30,0.1,1000000.0,31250.0,False,656,100.0,0.9146341463414633,0.0,0.0,3828792.7,591260.65,120.63236583039819,7.911902656350362,6.908000000000001,,,,,0.0,233134.94995231624,0.0
8,M2_bar30,0.1,5000000.0,156250.0,True,656,0.9146341463414633,0.9146341463414633,1.676829268292683,97.40853658536585,3828792.7,591260.65,120.63236583039819,7.911902656350362,6.908000000000001,10.860837106752212,96.53772190889383,6.525397035787996,96.43064503072627,975683.8756016952,1165674.7497615812,83.70121046211686
8,M2_bar30,0.1,10000000.0,312500.0,True,656,0.9146341463414633,0.9146341463414633,4.878048780487805,94.20731707317073,3828792.7,591260.65,120.63236583039819,7.911902656350362,6.908000000000001,14.936525723201608,92.46203329244445,6.260491527410244,93.60940636602056,1867283.5878168587,2331349.4995231624,80.09453701381022
8,M2_bar30,0.2,1000000.0,31250.0,False,656,100.0,0.6097560975609756,0.0,0.0,7657585.4,1182521.3,120.63236583039819,7.911902656350362,6.908000000000001,,,,,0.0,233134.94995231624,0.0
8,M2_bar30,0.2,5000000.0,156250.0,True,656,0.6097560975609756,0.6097560975609756,0.3048780487804878,99.08536585365853,7657585.4,1182521.3,120.63236583039819,7.911902656350362,6.908000000000001,11.287696100006807,97.70794200684257,6.559870021586801,96.96612471992063,986081.758385782,1165674.7497615812,84.59321595389007
8,M2_bar30,0.2,10000000.0,312500.0,True,656,0.6097560975609756,0.6097560975609756,1.9817073170731707,97.40853658536585,7657585.4,1182521.3,120.63236583039819,7.911902656350362,6.908000000000001,15.659517776463588,93.33612033038578,6.275872487294068,92.25489221740072,1868075.2088893282,2331349.4995231624,80.12849250064869
16,M1_auction,0.05,1000000.0,15625.0,False,1312,100.0,1.524390243902439,0.0,0.0,1041731.0072,224618.86050500002,100.57658579846729,9.779953868617156,6.908000000000001,,,,,0.0,192020.60088685792,0.0
16,M1_auction,0.05,5000000.0,78125.0,True,1312,1.524390243902439,1.524390243902439,0.9908536585365854,97.48475609756098,1041731.0072,224618.86050500002,100.57658579846729,9.779953868617156,6.908000000000001,8.53157913694142,83.13880024543467,8.109117886873362,83.15271129694173,838383.7575218389,960103.0044342896,87.3222720530731
16,M1_auction,0.05,10000000.0,156250.0,True,1312,1.524390243902439,1.524390243902439,5.335365853658536,93.14024390243902,1041731.0072,224618.86050500002,100.57658579846729,9.779953868617156,6.908000000000001,11.841432254603005,79.82894712777308,7.797413015176809,80.63430305835088,1601681.1957639907,1920206.0088685793,83.41194582073675
16,M1_auction,0.1,1000000.0,15625.0,False,1312,100.0,0.45731707317073167,0.0,0.0,2083462.0144,449237.72101000004,100.57658579846729,9.779953868617156,6.908000000000001,,,,,0.0,192020.60088685792,0.0
16,M1_auction,0.1,5000000.0,78125.0,True,1312,0.45731707317073167,0.45731707317073167,0.1524390243902439,99.39024390243902,2083462.0144,449237.72101000004,100.57658579846729,9.779953868617156,6.908000000000001,8.848715855665917,85.37934581115309,8.322375568447224,85.29546872853541,870134.2578039474,960103.0044342896,90.62926100482798
16,M1_auction,0.1,10000000.0,156250.0,True,1312,0.45731707317073167,0.45731707317073167,2.057926829268293,97.48475609756098,2083462.0144,449237.72101000004,100.57658579846729,9.779953868617156,6.908000000000001,12.362542230093606,81.8655194367254,7.994175684874524,80.9238594824991,1642457.2979888904,1920206.0088685793,85.5354732983393
16,M1_auction,0.2,1000000.0,15625.0,False,1312,100.0,0.1524390243902439,0.0,0.0,4166924.0288,898475.4420200001,100.57658579846729,9.779953868617156,6.908000000000001,,,,,0.0,192020.60088685792,0.0
16,M1_auction,0.2,5000000.0,78125.0,True,1312,0.1524390243902439,0.1524390243902439,0.0,99.84756097560977,4166924.0288,898475.4420200001,100.57658579846729,9.779953868617156,6.908000000000001,8.890371051659898,84.93176678619436,8.29852665428576,84.93176678619434,869223.5507024579,960103.0044342896,90.53440585936093
16,M1_auction,0.2,10000000.0,156250.0,True,1312,0.1524390243902439,0.1524390243902439,0.45731707317073167,99.39024390243902,4166924.0288,898475.4420200001,100.57658579846729,9.779953868617156,6.908000000000001,12.546498788294182,81.2756390495601,7.960794977531989,81.32409233690589,1662387.832251437,1920206.0088685793,86.57341059103062
16,M2_bar30,0.05,1000000.0,15625.0,False,1312,100.0,1.8292682926829267,0.0,0.0,1608238.5,260404.2,100.57658579846729,9.779953868617156,6.908000000000001,,,,,0.0,192020.60088685792,0.0
16,M2_bar30,0.05,5000000.0,78125.0,True,1312,1.8292682926829267,1.8292682926829267,0.5335365853658537,97.63719512195121,1608238.5,260404.2,100.57658579846729,9.779953868617156,6.908000000000001,7.4666657213008225,82.20180930709921,8.08739810561222,82.26564705738407,827436.1066011174,960103.0044342896,86.18201409427502
16,M2_bar30,0.05,10000000.0,156250.0,True,1312,1.8292682926829267,1.8292682926829267,3.7347560975609753,94.4359756097561,1608238.5,260404.2,100.57658579846729,9.779953868617156,6.908000000000001,10.408959320884048,79.25951570751597,7.808433987651034,80.27332524746369,1598337.9426363583,1920206.0088685793,83.23783673493077
16,M2_bar30,0.1,1000000.0,15625.0,False,1312,100.0,0.9908536585365854,0.0,0.0,3216477.0,520808.4,100.57658579846729,9.779953868617156,6.908000000000001,,,,,0.0,192020.60088685792,0.0
16,M2_bar30,0.1,5000000.0,78125.0,True,1312,0.9908536585365854,0.9908536585365854,0.07621951219512195,98.9329268292683,3216477.0,520808.4,100.57658579846729,9.779953868617156,6.908000000000001,7.710968239085324,81.52156298963048,8.046079579326179,81.52317063356249,827324.0814429815,960103.0044342896,86.17034605890606
16,M2_bar30,0.1,10000000.0,156250.0,True,1312,0.9908536585365854,0.9908536585365854,1.3719512195121952,97.63719512195121,3216477.0,520808.4,100.57658579846729,9.779953868617156,6.908000000000001,10.80241004012428,78.43012118859154,7.750812490404506,78.66808416930272,1590665.931098095,1920206.0088685793,82.83829566991848
16,M2_bar30,0.2,1000000.0,15625.0,False,1312,100.0,0.6097560975609756,0.0,0.0,6432954.0,1041616.8,100.57658579846729,9.779953868617156,6.908000000000001,,,,,0.0,192020.60088685792,0.0
16,M2_bar30,0.2,5000000.0,78125.0,True,1312,0.6097560975609756,0.6097560975609756,0.3048780487804878,99.08536585365853,6432954.0,1041616.8,100.57658579846729,9.779953868617156,6.908000000000001,7.999378796479759,82.91810175840078,8.159166735489903,82.80127298839608,843189.9647550677,960103.0044342896,87.82286492811163
16,M2_bar30,0.2,10000000.0,156250.0,True,1312,0.6097560975609756,0.6097560975609756,0.45731707317073167,98.9329268292683,6432954.0,1041616.8,100.57658579846729,9.779953868617156,6.908000000000001,11.182690113958873,79.73479044092167,7.856342884179224,78.98690933761341,1605954.8076579482,1920206.0088685793,83.63450589367785
