trial_no,vwap_buy_deviation,take_profit_pct,buy_confirm_min_score,notify_sell_threshold,notify_buy_threshold,stock_qty_strong_pct,stock_qty_base_pct,stock_rebuild_strong_pct,stock_first_add_pct,train_win_rate,train_total_pnl,train_n_trades,train_max_drawdown,train_annualized_return,train_composite_score,test_win_rate,test_total_pnl,test_n_trades,test_max_drawdown,test_annualized_return,test_composite_score,elapsed_sec,status
0,-0.02750919762305275,0.024014286128198326,26,58,44,0.3045980821176709,0.16452090304204986,0.9330880728874675,0.2803345035229627,0,0,0,0,0,-9999.0,0,0,0,0,0,0,212.0,ok
1,-0.02083854844407909,0.005411689885916049,30,65,46,0.3136387385224852,0.19585112746335845,0.6521211214797689,0.2574269294896714,0,0,0,0,0,-9999.0,0,0,0,0,0,0,228.9,ok
2,-0.026361099627157686,0.010824582803960838,24,44,49,0.3782266451527921,0.26401749605425895,0.8925879806965068,0.15990213464750794,0.0,-3.83,1,-0.0256,0.0776,0.0,0,0,0,0,0,0,250.6,ok
3,-0.02471531123172777,0.01684829137724085,15,58,45,0.27276805754484784,0.3872213843133333,0.9828160165372797,0.3425192044349384,0,0,0,0,0,-9999.0,0,0,0,0,0,0,236.1,ok
4,-0.028907724616532588,0.006953442280127677,25,53,43,0.42331191853894456,0.1585971302788046,0.954660201039391,0.1776339944800051,0,0,0,0,0,-9999.0,0,0,0,0,0,0,199.1,ok
5,-0.02174955431292036,0.01123422152178822,23,56,45,0.5893546197175954,0.34378320584027866,0.9697494707820946,0.3684482051282947,1.0,2.17,1,-0.0133,0.0391,69.2784,0,0,0,0,0,0,219.4,ok
6,-0.023042000423778297,0.02343748470046234,16,46,41,0.3638656157671425,0.2471693224223705,0.6356745158869479,0.34862125274557887,0.0,-3.83,1,-0.0208,0.0621,0.0,0,0,0,0,0,0,218.9,ok
7,-0.027864933466128217,0.010618690193747615,23,44,64,0.2760927252879198,0.39672173415012935,0.8861223846483287,0.15961470446025172,0,0,0,0,0,-9999.0,0,0,0,0,0,0,168.2,ok
8,-0.03488955765752796,0.021309228569096686,26,62,63,0.2759156281069316,0.23961643213606815,0.5579345297625649,0.35893102776267805,0,0,0,0,0,-9999.0,0,0,0,0,0,0,173.8,ok
9,-0.02253403746344884,0.011617960497052984,16,49,50,0.5053621624183224,0.3093893678388033,0.9436063712881633,0.2416644775485848,1.0,2.17,1,-0.0133,0.0391,69.2784,0,0,0,0,0,0,233.8,ok
10,-0.015687871632118086,0.016699180097162217,20,68,57,0.5676826783488812,0.3360754275882549,0.7999896483928265,0.38689970179021393,0,0,0,0,0,-9999.0,0,0,0,0,0,0,223.9,ok
11,-0.018104540046336354,0.011821865560323382,19,50,53,0.5789348752784789,0.3214492926198179,0.8035921370166128,0.2463382156434883,1.0,2.17,1,-0.0133,0.0391,69.2784,0,0,0,0,0,0,253.9,ok
12,-0.020925810757018368,0.014149122709140118,19,50,53,0.5076331737484912,0.32529064884844,0.8168122628537164,0.10433553573857124,0,0,0,0,0,-9999.0,0,0,0,0,0,0,253.6,ok
13,-0.02076044395573176,0.008344370997354352,30,40,50,0.5137744170597263,0.28887297629107,0.9981728296830226,0.3056513824386803,0,0,0,0,0,-9999.0,0,0,0,0,0,0,207.8,ok
14,-0.031849596507958884,0.014102047910751363,21,55,70,0.4983584001157416,0.3595412051024232,0.8594241073931013,0.2110647480572633,0,0,0,0,0,-9999.0,0,0,0,0,0,0,218.3,ok
15,-0.017852177399813027,0.01795483310793728,17,49,55,0.5946753156654546,0.28722076906960003,0.9191904809865727,0.30539646927461245,0,0,0,0,0,-9999.0,0,0,0,0,0,0,196.8,ok
16,-0.02304617006167055,0.013340294698463984,28,60,40,0.46069574997408314,0.35910624980776684,0.6943845973931931,0.10395376431427714,0,0,0,0,0,-9999.0,0,0,0,0,0,0,227.9,ok
17,-0.023477329860281556,0.008921224550209456,22,54,49,0.532607902345991,0.30025327190128875,0.9997872700466007,0.3991684049944119,0,0,0,0,0,-9999.0,0,0,0,0,0,0,200.8,ok
18,-0.018200174703800302,0.00903727202455023,18,40,58,0.5476825099911495,0.35468920952053223,0.7414243232306962,0.21978839449564191,0,0,0,0,0,-9999.0,0,0,0,0,0,0,203.4,ok
19,-0.015332814748409716,0.012450057244724047,15,70,48,0.46638080552416317,0.21110286471921566,0.8507721313487366,0.3081405471787079,0,0,0,0,0,-9999.0,0,0,0,0,0,0,228.4,ok
20,-0.030240971263630418,0.019406505542791393,28,56,52,0.46434328424873833,0.3133882426280027,0.5058104808137767,0.20410715614135047,0,0,0,0,0,-9999.0,0,0,0,0,0,0,189.6,ok
21,-0.019273129261037476,0.011338133175762438,18,50,53,0.596470144689378,0.3327748243110647,0.8068711735702202,0.25723963206702827,1.0,2.17,1,-0.0133,0.0391,69.2784,0,0,0,0,0,0,190.4,ok
22,-0.02486217935076461,0.014850707724342938,20,47,61,0.5662111189791008,0.27747942239278867,0.9432541991607146,0.23445670834907031,0,0,0,0,0,-9999.0,0,0,0,0,0,0,231.2,ok
23,-0.01871804374073349,0.0115415933924208,17,50,47,0.5626245922781701,0.3092094242527324,0.7515455607674821,0.2731570986903445,1.0,2.17,1,-0.0133,0.0391,69.2784,0,0,0,0,0,0,211.4,ok
24,-0.021366562038777646,0.015335824087617833,21,52,52,0.5329449793098402,0.37529581230869685,0.758362782114368,0.19004165200715323,0,0,0,0,0,-9999.0,0,0,0,0,0,0,191.5,ok
25,-0.016838232021423413,0.009412907781548612,19,47,56,0.5999211487570921,0.34152541881253534,0.8864324733431687,0.2413801858747101,0,0,0,0,0,-9999.0,0,0,0,0,0,0,209.5,ok
26,-0.019656523162211045,0.007079571594745742,23,52,42,0.4939383542555468,0.3210241330921373,0.9564384639111092,0.3191851301929961,0,0,0,0,0,-9999.0,0,0,0,0,0,0,233.5,ok
27,-0.022289750819045474,0.013166700013948254,17,57,51,0.5715313544575522,0.37867651486870896,0.8452702190750956,0.14055485132841622,1.0,2.17,1,-0.0133,0.0391,69.2784,0,0,0,0,0,0,197.3,ok
28,-0.025274711688314962,0.012262451253538616,16,43,59,0.4207729606061295,0.2607757307038,0.9079907962250575,0.28053553084145544,0,0,0,0,0,-9999.0,0,0,0,0,0,0,207.2,ok
29,-0.016890651788947057,0.01026919576258289,22,60,44,0.5418336855601641,0.3473723692547588,0.9391982463043944,0.37487930572945516,0.0,-3.83,1,-0.0183,0.0544,0.0,0,0,0,0,0,0,208.0,ok
30,-0.022106271048685882,0.01599561856677561,26,60,46,0.5176777544336304,0.30122830835632824,0.6859751716563139,0.28410907240499844,0,0,0,0,0,-9999.0,0,0,0,0,0,0,204.0,ok
31,-0.019115950052900864,0.011434535230845613,18,49,54,0.5879685131256102,0.32488339531977267,0.8107371168752001,0.2547987637665744,0,0,0,0,0,-9999.0,0,0,0,0,0,0,223.5,ok
32,-0.019980551557030053,0.007696714357173945,19,51,54,0.5805234543965956,0.3336113328032144,0.775694767005182,0.25522026320159413,0,0,0,0,0,-9999.0,0,0,0,0,0,0,226.1,ok
33,-0.01682448701987664,0.005232874267308008,16,54,50,0.5575387711825036,0.3703778762694207,0.6991911726089768,0.23118231277393392,0,0,0,0,0,-9999.0,0,0,0,0,0,0,207.4,ok
34,-0.02024258906293997,0.010593257511755657,18,48,47,0.5971847628771368,0.29202263972715964,0.9694788144013406,0.277561471179846,0.0,-3.83,1,-0.0183,0.0544,0.0,0,0,0,0,0,0,173.5,ok
35,-0.02644639799263993,0.012288551451787824,15,46,44,0.4760755677192311,0.26793285126166355,0.6239881400683289,0.3263114356750581,0.0,-3.83,1,-0.0208,0.0621,0.0,0,0,0,0,0,0,187.8,ok
36,-0.021962807952443382,0.009812025749080586,20,44,49,0.527963650499069,0.31436168153365784,0.8706989245681457,0.262879093738994,0.0,-3.83,1,-0.0183,0.0544,0.0,0,0,0,0,0,0,177.0,ok
37,-0.023895032032828865,0.00670165981351184,24,64,46,0.4197398367473994,0.17837993426923987,0.8226729909522302,0.17663466992119972,0,0,0,0,0,-9999.0,0,0,0,0,0,0,159.3,ok
38,-0.018020077520139323,0.01345206682196345,16,53,52,0.3618180336373972,0.39684566268243965,0.7243226857277257,0.3354683150313848,0,0,0,0,0,-9999.0,0,0,0,0,0,0,158.6,ok
39,-0.0194575486238425,0.011477632665445589,25,42,55,0.4430408425871716,0.33428782835884024,0.9206789697603646,0.2947441659825635,0,0,0,0,0,-9999.0,0,0,0,0,0,0,170.1,ok
40,-0.0266394305888999,0.017787125258509433,21,58,59,0.5502199139926057,0.24589383795667352,0.7801445851839244,0.36796235370256847,0,0,0,0,0,-9999.0,0,0,0,0,0,0,172.0,ok
41,-0.01851759739313054,0.011377345992537882,17,50,47,0.5733391596184486,0.3074962228109831,0.78720483464677,0.2639035722081904,1.0,2.17,1,-0.0133,0.0391,69.2784,0,0,0,0,0,0,215.5,ok
42,-0.021186459195227443,0.012227948393989939,18,45,45,0.5797940932000535,0.34715457445592535,0.6595653975351956,0.2473962273095592,0.0,-3.83,1,-0.0208,0.0621,0.0,0,0,0,0,0,0,137.7,ok
43,-0.018923765154263104,0.010842722872949347,17,51,42,0.5530086437522199,0.3266721418368037,0.835144409079788,0.22465424571308665,1.0,2.17,1,-0.0133,0.0391,69.2784,0,0,0,0,0,0,151.1,ok
44,-0.016060249540318542,0.014429963649856261,15,48,48,0.5668770791691656,0.2780782601248072,0.7299179320522573,0.2081391645889299,0.0,-3.83,1,-0.0208,0.0621,0.0,0,0,0,0,0,0,163.5,ok
45,-0.02047107742977996,0.008231046522510433,19,55,50,0.4934744483665632,0.3040772835466951,0.6000216263411362,0.2644906644336564,0,0,0,0,0,-9999.0,0,0,0,0,0,0,159.7,ok
46,-0.01739174351390242,0.023697842964806766,17,50,70,0.5188358972622854,0.363211596631302,0.9734460109560287,0.345842198462001,0,0,0,0,0,-9999.0,0,0,0,0,0,0,152.0,ok
47,-0.02407072741176919,0.009627321291285679,16,52,51,0.5854923572181079,0.31701659213839706,0.7575769081341485,0.19056227324974032,0,0,0,0,0,-9999.0,0,0,0,0,0,0,157.8,ok
48,-0.02265356935650921,0.01325691667108261,19,49,53,0.5417623387940016,0.2937684551690645,0.8974509032177488,0.27666361226405484,1.0,2.17,1,-0.0133,0.0391,69.2784,0,0,0,0,0,0,166.5,ok
49,-0.021531999506926136,0.011433497011299058,28,54,48,0.330810274971608,0.2271466493322605,0.8626296484810674,0.21827915239721887,1.0,2.17,1,-0.0133,0.0391,69.2784,0,0,0,0,0,0,126.7,ok
50,-0.018753964949786286,0.015611737532164844,22,56,57,0.561264432975332,0.3450850549717622,0.8025256344973547,0.1320825035390194,0,0,0,0,0,-9999.0,0,0,0,0,0,0,142.3,ok
51,-0.022449676931981036,0.012962260550927392,17,57,51,0.5757866781569605,0.3841976465166217,0.8330257960480302,0.15132996158122347,1.0,2.17,1,-0.0133,0.0391,69.2784,0,0,0,0,0,0,129.7,ok
52,-0.020569796744196896,0.013951505794682087,18,62,51,0.5983930289192726,0.37713766835683615,0.8426659363311658,0.12356098243451172,0,0,0,0,0,-9999.0,0,0,0,0,0,0,125.1,ok
53,-0.023145647935358043,0.010269057645902779,20,57,53,0.5639848409020479,0.36460510506586263,0.7631476136137849,0.29606482165981907,0.0,-3.83,1,-0.0183,0.0544,0.0,0,0,0,0,0,0,184.3,ok
54,-0.02533269400600833,0.012869589469484799,16,59,49,0.5843855513958571,0.3860065672011531,0.7955899603633241,0.1671293101588442,1.0,2.17,1,-0.0133,0.0391,69.2784,0,0,0,0,0,0,202.6,ok
55,-0.019770174288063533,0.011994779012263704,15,53,45,0.5311152005645166,0.3542478632536984,0.9918244573355237,0.14613800455332893,1.0,2.17,1,-0.0133,0.0391,69.2784,0,0,0,0,0,0,191.9,ok
56,-0.03313488111027749,0.008820382989682737,17,46,55,0.5091107829839707,0.332239168167908,0.8759682246968883,0.3566203868577469,0,0,0,0,0,-9999.0,0,0,0,0,0,0,138.0,ok
57,-0.021604565494189345,0.013821781764989523,29,48,43,0.25494112977588446,0.30711242485770096,0.9551028125176176,0.19757953892678026,0.0,-3.83,1,-0.0208,0.0621,0.0,0,0,0,0,0,0,131.2,ok
58,-0.016304147693155992,0.022487135009146612,18,62,47,0.5424595413726205,0.28482413196151146,0.7418720704056269,0.3984087674032137,0,0,0,0,0,-9999.0,0,0,0,0,0,0,152.1,ok
59,-0.01782120590055824,0.014725414912955266,16,51,40,0.5704289499875381,0.3371884974038426,0.9194546527209506,0.12294862460813816,0,0,0,0,0,-9999.0,0,0,0,0,0,0,124.8,ok
60,-0.024169105823797825,0.010819326658948504,27,55,64,0.5545873521959753,0.35249461031340623,0.7169541724882972,0.24049829176149512,0,0,0,0,0,-9999.0,0,0,0,0,0,0,175.6,ok
61,-0.0190634191219661,0.011022913970390196,17,50,47,0.5732955660554621,0.3148022660704629,0.7872350613458188,0.24940136868924578,1.0,2.17,1,-0.0133,0.0391,69.2784,0,0,0,0,0,0,161.4,ok
62,-0.018551930465132597,0.011784217404258467,17,49,50,0.5861051886669179,0.3081424153321856,0.8097793716540111,0.2662418549677789,1.0,2.17,1,-0.0133,0.0391,69.2784,0,0,0,0,0,0,165.3,ok
63,-0.01747380198038491,0.010067701130502335,18,53,46,0.5895418197944903,0.3237258958836854,0.7694873306885,0.2952569431195818,0.0,-3.83,1,-0.0183,0.0544,0.0,0,0,0,0,0,0,166.6,ok
64,-0.015069311861463788,0.013004300835225491,19,47,48,0.5237542223115125,0.3005183974249941,0.8202007544162688,0.31332226245275413,0.0,-3.83,1,-0.0208,0.0621,0.0,0,0,0,0,0,0,154.1,ok
65,-0.02076964178116181,0.024973749419298412,15,51,52,0.5998373483085774,0.32824774551089103,0.8526093456802442,0.27009938772466546,0,0,0,0,0,-9999.0,0,0,0,0,0,0,151.6,ok
66,-0.01943823837265367,0.011342631489045352,17,50,45,0.4831054582068005,0.2951213119261107,0.7449060707994772,0.28417103172000846,1.0,2.17,1,-0.0133,0.0391,69.2784,0,0,0,0,0,0,168.3,ok
67,-0.018331048445177085,0.01250836903195765,16,52,54,0.5406773647605376,0.2810738892906091,0.9299091808065507,0.23230525491108098,0,0,0,0,0,-9999.0,0,0,0,0,0,0,159.9,ok
68,-0.020062170621424454,0.009286159160371548,20,47,49,0.575335550939944,0.339746520246226,0.8951184612839348,0.326182760206635,0,0,0,0,0,-9999.0,0,0,0,0,0,0,171.3,ok
69,-0.02215103444008754,0.00851585830353372,23,67,53,0.556706192514897,0.32098590759776063,0.7918124674472035,0.21726670994813996,0,0,0,0,0,-9999.0,0,0,0,0,0,0,195.4,ok
70,-0.02343236269193832,0.010553958848256419,24,42,51,0.5036321085733225,0.26751507298193483,0.7123127696751524,0.2469756141100827,0.0,-3.83,1,-0.0183,0.0544,0.0,0,0,0,0,0,0,227.2,ok
71,-0.018960269540395182,0.010928434514195945,18,51,41,0.5541984700937358,0.3117774117586538,0.8316748464418016,0.2272284577370715,1.0,2.17,1,-0.0133,0.0391,69.2784,0,0,0,0,0,0,193.8,ok
72,-0.017178177221834526,0.01180941053219488,17,48,42,0.5676535994288417,0.3304106281548463,0.8405331164128803,0.2588252352311598,0.0,-3.83,1,-0.0208,0.0621,0.0,0,0,0,0,0,0,176.9,ok
73,-0.016495011395522705,0.01366586975442548,18,50,43,0.589616667778361,0.3225352694062094,0.8763039731764896,0.24012693598144025,0,0,0,0,0,-9999.0,0,0,0,0,0,0,169.6,ok
74,-0.01790481322248659,0.009900180701265361,16,54,42,0.5475264086419221,0.3420321000085765,0.7773870532686208,0.22444805245151817,0.0,-3.83,1,-0.0183,0.0544,0.0,0,0,0,0,0,0,163.4,ok
75,-0.021162022397767894,0.012420735859569744,17,49,44,0.5347392252474585,0.2958072203989371,0.9693307522349196,0.27120120942004855,1.0,2.17,1,-0.0133,0.0391,69.2784,0,0,0,0,0,0,156.0,ok
76,-0.01566054771352121,0.011210229586088324,19,45,47,0.5793669649090637,0.30700539568213947,0.8195609436517695,0.2890283689357074,0.0,-3.83,1,-0.0208,0.0621,0.0,0,0,0,0,0,0,207.2,ok
77,-0.01853024801777902,0.012712733779887539,15,51,46,0.44690292168716944,0.3711264930408777,0.8059562347648188,0.255254950610989,1.0,2.17,1,-0.0133,0.0391,69.2784,0,0,0,0,0,0,173.4,ok
78,-0.028486340685632237,0.007885922072514566,18,56,56,0.5616469805818225,0.39982681378806906,0.7557038598102762,0.2001561275129905,0,0,0,0,0,-9999.0,0,0,0,0,0,0,191.9,ok
79,-0.019447039735842973,0.011698189260619954,17,53,50,0.5731247509967707,0.3484268454917685,0.904706981994282,0.17895971533609709,1.0,2.17,1,-0.0133,0.0391,69.2784,0,0,0,0,0,0,194.5,ok
80,-0.020272717116410263,0.0103148212659336,16,52,68,0.5935262004370014,0.3608411249299715,0.8578113159353536,0.21025140619576366,0,0,0,0,0,-9999.0,0,0,0,0,0,0,215.2,ok
81,-0.022781759214256823,0.01320212045939792,19,49,52,0.545438593946361,0.28738081010616656,0.9484284558952346,0.24892041004915294,1.0,2.17,1,-0.0133,0.0391,69.2784,0,0,0,0,0,0,157.9,ok
82,-0.02258116114274157,0.015032408462648555,21,48,54,0.5375775472211104,0.2969179615078673,0.9071698202500632,0.27589437808774075,0,0,0,0,0,-9999.0,0,0,0,0,0,0,154.7,ok
83,-0.024529118396331418,0.01338247247590731,19,49,53,0.5229994033125838,0.319647552580089,0.9343021126699336,0.30295709585251734,0,0,0,0,0,-9999.0,0,0,0,0,0,0,172.0,ok
84,-0.022053364737417033,0.012088312497475755,20,50,56,0.5507884871809337,0.32700715336264663,0.8906821835548864,0.23469240995842308,0,0,0,0,0,-9999.0,0,0,0,0,0,0,164.1,ok
85,-0.02172285648596019,0.014040505766891063,17,46,49,0.5643587982185816,0.26008879336996393,0.8412014500272357,0.26115685708318914,0.0,-3.83,1,-0.0208,0.0621,0.0,0,0,0,0,0,0,180.8,ok
86,-0.02549115336738536,0.009468879538285081,18,61,53,0.5153585676760127,0.15022145622672295,0.9768218145715009,0.2796226747255671,0,0,0,0,0,-9999.0,0,0,0,0,0,0,209.2,ok
87,-0.023484510772452862,0.016686547320345753,25,59,48,0.5822966498564858,0.30839373258560504,0.8277702735027836,0.27273764996632244,0,0,0,0,0,-9999.0,0,0,0,0,0,0,168.9,ok
88,-0.021243674735626647,0.014387880477209899,19,47,51,0.5593805019273325,0.31499271080763114,0.7879962487199702,0.38266207848449985,0.0,-3.83,1,-0.0208,0.0621,0.0,0,0,0,0,0,0,182.1,ok
89,-0.019875721649884184,0.0109157327782117,16,51,45,0.5309042444838695,0.2757187227229492,0.9860497991147233,0.3389011292537394,1.0,2.17,1,-0.0133,0.0391,69.2784,0,0,0,0,0,0,194.0,ok
90,-0.02071254434219815,0.012108939156438663,21,57,44,0.5778039051535645,0.33639022310167177,0.871494185184461,0.2867032699572367,1.0,2.17,1,-0.0133,0.0391,69.2784,0,0,0,0,0,0,171.6,ok
91,-0.021618171357129908,0.011421302390487357,27,55,48,0.32226399713156667,0.21868889463603172,0.8637537519603842,0.2194853798076402,1.0,2.17,1,-0.0133,0.0391,69.2784,0,0,0,0,0,0,175.9,ok
92,-0.02318865996032403,0.012693455090827675,30,54,50,0.37138971385340197,0.32658242854231917,0.9627506737116897,0.24104124881014002,1.0,2.17,1,-0.0133,0.0391,69.2784,0,0,0,0,0,0,163.1,ok
93,-0.02247277066535613,0.010586671318495514,29,52,46,0.3963293955607362,0.22192891885596555,0.8840481961427709,0.2554161107769468,0.0,-3.83,1,-0.0232,0.0699,0.0,0,0,0,0,0,0,152.8,ok
94,-0.01928460357522783,0.011689846540782438,17,58,47,0.31165587717405135,0.17857259782128665,0.8502653154700659,0.22628087468184374,1.0,2.17,1,-0.0133,0.0391,69.2784,0,0,0,0,0,0,190.6,ok
95,-0.01769649395530813,0.011231147611837536,27,54,52,0.29157158937905703,0.3903631970277436,0.7994232814540411,0.21674912685292747,1.0,2.17,1,-0.0133,0.0391,69.2784,0,0,0,0,0,0,138.2,ok
96,-0.0209898917152119,0.009867055118646703,18,53,49,0.3382821769970462,0.23603672817627103,0.8131874091565046,0.26614571470680115,0.0,-3.83,1,-0.0232,0.0699,0.0,0,0,0,0,0,0,172.7,ok
97,-0.023813621806498726,0.013188678950115029,22,56,55,0.5924222485890438,0.19994533953890722,0.5240142945963178,0.2336779225361582,0,0,0,0,0,-9999.0,0,0,0,0,0,0,190.8,ok
98,-0.018791482520567827,0.010350738021958487,23,50,41,0.34772304981504876,0.25465224037085143,0.9236817786987044,0.18693988377905116,0.0,-3.83,1,-0.0232,0.0699,0.0,0,0,0,0,0,0,197.5,ok
99,-0.01713809090713406,0.012387111766227692,16,52,54,0.3924908541381704,0.29222703049342197,0.8994931234440864,0.11466281842972068,0,0,0,0,0,-9999.0,0,0,0,0,0,0,175.9,ok
